Workbook

Sheet Transfer Nilai
A1: Hasil Transfer Nilai Sementara
A2: Program Studi Sistem Informasi ITB STIKOM Bali
A4: Nama Calon Mhs | C4: : I Made Widya Kartika | G4: Prodi Asal | H4: : Manajemen Informatika
A5: Asal PT/Univ. | C5: : Universitas Pendidikan Ganesha | G5: Jenis | H5: : Lanjut Studi
A6: Fakultas | C6: : Teknik dan Kejuruan | G6: Tgl. Proses | H6: : 16 Oktober 2023
A7: Total SKS diakui | C7: =": "&D92&" SKS" -> : 81 SKS
A9: Matakuliah ITB STIKOM Bali | G9: Matakuliah Asal
A10: NO | B10: KODE | C10: MATA KULIAH | D10: SKS | E10: SKS Diakui | F10: Nilai | G10: KODE | H10: MATA KULIAH | I10: SKS | J10: Nilai
A11: SEMESTER 1
A12: 1 | B12: SI211103 | C12: Pendidikan Pancasila | D12: 2 | E12: =IF(AND($G12<>"",$H12<>"",$I12<>"",$J12<>""),$D12,"") -> 2 | F12: =IF(AND($G12<>"",$H12<>"",$I12<>"",$J12<>""),_xlfn.IFNA(VLOOKUP(UPPER(J12),'Konversi Nilai'!$B$3:$C$28,2,FALSE),""),"") -> B | G12: - | H12: Pancasila | I12: 2 | J12: B
A13: 2 | B13: SI211501 | C13: Pendidikan Bahasa Indonesia | D13: 2 | E13: =IF(AND($G13<>"",$H13<>"",$I13<>"",$J13<>""),$D13,"") -> 2 | F13: =IF(AND($G13<>"",$H13<>"",$I13<>"",$J13<>""),_xlfn.IFNA(VLOOKUP(UPPER(J13),'Konversi Nilai'!$B$3:$C$28,2,FALSE),""),"") -> C | G13: - | H13: Bahasa Indonesia | I13: 2 | J13: C
A14: 3 | B14: SI213103 | C14: Dasar Infrastruktur Teknologi | D14: 2 | E14: =IF(AND($G14<>"",$H14<>"",$I14<>"",$J14<>""),$D14,"") -> 2 | F14: =IF(AND($G14<>"",$H14<>"",$I14<>"",$J14<>""),_xlfn.IFNA(VLOOKUP(UPPER(J14),'Konversi Nilai'!$B$3:$C$28,2,FALSE),""),"") -> B | G14: - | H14: Piranti Masukan dan Keluaran | I14: 3 | J14: B
A15: 4 | B15: SI213108 | C15: Konsep dan Aplikasi Sistem Informasi | D15: 2 | E15: =IF(AND($G15<>"",$H15<>"",$I15<>"",$J15<>""),$D15,"") -> 2 | F15: =IF(AND($G15<>"",$H15<>"",$I15<>"",$J15<>""),_xlfn.IFNA(VLOOKUP(UPPER(J15),'Konversi Nilai'!$B$3:$C$28,2,FALSE),""),"") -> B | G15: - | H15: Pengenalan Komputer | I15: 3 | J15: B
A16: 5 | B16: SI213114 | C16: Matematika Diskrit | D16: 4 | E16: =IF(AND($G16<>"",$H16<>"",$I16<>"",$J16<>""),$D16,"") -> 4 | F16: =IF(AND($G16<>"",$H16<>"",$I16<>"",$J16<>""),_xlfn.IFNA(VLOOKUP(UPPER(J16),'Konversi Nilai'!$B$3:$C$28,2,FALSE),""),"") -> B | G16: - | H16: Matematika Diskrit | I16: 3 | J16: B
A17: 6 | B17: SI213117 | C17: Sistem Operasi | D17: 2 | E17: =IF(AND($G17<>"",$H17<>"",$I17<>"",$J17<>""),$D17,"") -> 2 | F17: =IF(AND($G17<>"",$H17<>"",$I17<>"",$J17<>""),_xlfn.IFNA(VLOOKUP(UPPER(J17),'Konversi Nilai'!$B$3:$C$28,2,FALSE),""),"") -> B | G17: - | H17: Sistem Operasi | I17: 3 | J17: B
A18: 7 | B18: SI213201 | C18: Prak. Algoritma dan Struktur Data | D18: 1 | E18: =IF(AND($G18<>"",$H18<>"",$I18<>"",$J18<>""),$D18,"") -> 1 | F18: =IF(AND($G18<>"",$H18<>"",$I18<>"",$J18<>""),_xlfn.IFNA(VLOOKUP(UPPER(J18),'Konversi Nilai'!$B$3:$C$28,2,FALSE),""),"") -> B | G18: - | H18: Bahasa Pemrograman Tingkat Tinggi I | I18: 3 | J18: B
A19: 8 | B19: SI213501 | C19: Algoritma dan Struktur Data | D19: 4 | E19: =IF(AND($G19<>"",$H19<>"",$I19<>"",$J19<>""),$D19,"") -> 4 | F19: =IF(AND($G19<>"",$H19<>"",$I19<>"",$J19<>""),_xlfn.IFNA(VLOOKUP(UPPER(J19),'Konversi Nilai'!$B$3:$C$28,2,FALSE),""),"") -> C | G19: - | H19: Struktur Data | I19: 3 | J19: C
A20: Total SKS | D20: =SUM(D12:D19) -> 19 | E20: =SUM(E12:E19) -> 19 | F20: =IF(I20<>"",J20,"") -> 0 | I20: =SUM(I12:I19) -> 22
A21: SEMESTER 2
A22: 9 | B22: SI213503 | C22: Basis Data | D22: 2 | E22: =IF(AND($G22<>"",$H22<>"",$I22<>"",$J22<>""),$D22,"") -> 2 | F22: =IF(AND($G22<>"",$H22<>"",$I22<>"",$J22<>""),_xlfn.IFNA(VLOOKUP(UPPER(J22),'Konversi Nilai'!$B$3:$C$28,2,FALSE),""),"") -> C | G22: - | H22: Pengantar Database | I22: 3 | J22: C
A23: 10 | B23: SI213504 | C23: E-Business | D23: 4 | E23: =IF(AND($G23<>"",$H23<>"",$I23<>"",$J23<>""),$D23,"") -> 4 | F23: =IF(AND($G23<>"",$H23<>"",$I23<>"",$J23<>""),_xlfn.IFNA(VLOOKUP(UPPER(J23),'Konversi Nilai'!$B$3:$C$28,2,FALSE),""),"") -> C | G23: - | H23: Algoritma Pemrograman I | I23: 3 | J23: C
A24: 11 | B24: SI213505 | C24: Jaringan Komputer | D24: 2 | E24: =IF(AND($G24<>"",$H24<>"",$I24<>"",$J24<>""),$D24,"") -> 2 | F24: =IF(AND($G24<>"",$H24<>"",$I24<>"",$J24<>""),_xlfn.IFNA(VLOOKUP(UPPER(J24),'Konversi Nilai'!$B$3:$C$28,2,FALSE),""),"") -> B | G24: - | H24: Jaringan Informasi Lokal | I24: 3 | J24: B
A25: 12 | B25: SI213202 | C25: Prak. Basis Data | D25: 1 | E25: =IF(AND($G25<>"",$H25<>"",$I25<>"",$J25<>""),$D25,"") -> 1 | F25: =IF(AND($G25<>"",$H25<>"",$I25<>"",$J25<>""),_xlfn.IFNA(VLOOKUP(UPPER(J25),'Konversi Nilai'!$B$3:$C$28,2,FALSE),""),"") -> C | G25: - | H25: Algoritma Pemrograman II | I25: 3 | J25: C
A26: 13 | B26: SI213203 | C26: Prak. Jaringan Komputer | D26: 1 | E26: =IF(AND($G26<>"",$H26<>"",$I26<>"",$J26<>""),$D26,"") -> 1 | F26: =IF(AND($G26<>"",$H26<>"",$I26<>"",$J26<>""),_xlfn.IFNA(VLOOKUP(UPPER(J26),'Konversi Nilai'!$B$3:$C$28,2,FALSE),""),"") -> B | G26: - | H26: Arsitektur Komputer II | I26: 3 | J26: B
A27: 14 | B27: SI211101 | C27: Pendidikan Agama | D27: 2 | E27: =IF(AND($G27<>"",$H27<>"",$I27<>"",$J27<>""),$D27,"") -> 2 | F27: =IF(AND($G27<>"",$H27<>"",$I27<>"",$J27<>""),_xlfn.IFNA(VLOOKUP(UPPER(J27),'Konversi Nilai'!$B$3:$C$28,2,FALSE),""),"") -> B | G27: - | H27: Agama | I27: 2 | J27: B
A28: 15 | B28: SI211102 | C28: Pendidikan Kewarganegaraan | D28: 2 | E28: =IF(AND($G28<>"",$H28<>"",$I28<>"",$J28<>""),$D28,"") -> 2 | F28: =IF(AND($G28<>"",$H28<>"",$I28<>"",$J28<>""),_xlfn.IFNA(VLOOKUP(UPPER(J28),'Konversi Nilai'!$B$3:$C$28,2,FALSE),""),"") -> B | G28: - | H28: Kewiraan | I28: 2 | J28: B
A29: 16 | B29: SI212503 | C29: Pendidikan Bahasa Asing I | D29: 4 | E29: =IF(AND($G29<>"",$H29<>"",$I29<>"",$J29<>""),$D29,"") -> 4 | F29: =IF(AND($G29<>"",$H29<>"",$I29<>"",$J29<>""),_xlfn.IFNA(VLOOKUP(UPPER(J29),'Konversi Nilai'!$B$3:$C$28,2,FALSE),""),"") -> A | G29: - | H29: Bahasa Inggris | I29: 2 | J29: A
A30: Total SKS | D30: =SUM(D22:D29) -> 18 | E30: =SUM(E22:E29) -> 18 | F30: =IF(I30<>"",J30,"") -> 0 | I30: =SUM(I22:I29) -> 21
A31: SEMESTER 3
A32: 17 | B32: SI212504 | C32: Pendidikan Bahasa Asing II | D32: 4 | E32: =IF(AND($G32<>"",$H32<>"",$I32<>"",$J32<>""),$D32,"") | F32: =IF(AND($G32<>"",$H32<>"",$I32<>"",$J32<>""),_xlfn.IFNA(VLOOKUP(UPPER(J32),'Konversi Nilai'!$B$3:$C$28,2,FALSE),""),"")
A33: 18 | B33: SI213102 | C33: Cloud Computing | D33: 2 | E33: =IF(AND($G33<>"",$H33<>"",$I33<>"",$J33<>""),$D33,"") -> 2 | F33: =IF(AND($G33<>"",$H33<>"",$I33<>"",$J33<>""),_xlfn.IFNA(VLOOKUP(UPPER(J33),'Konversi Nilai'!$B$3:$C$28,2,FALSE),""),"") -> B | G33: - | H33: Pengantar Sistem Tersebar | I33: 3 | J33: B
A34: 19 | B34: SI213118 | C34: Statistik | D34: 2 | E34: =IF(AND($G34<>"",$H34<>"",$I34<>"",$J34<>""),$D34,"") -> 2 | F34: =IF(AND($G34<>"",$H34<>"",$I34<>"",$J34<>""),_xlfn.IFNA(VLOOKUP(UPPER(J34),'Konversi Nilai'!$B$3:$C$28,2,FALSE),""),"") -> C | G34: - | H34: Statistik | I34: 3 | J34: C
A35: 20 | B35: SI213110 | C35: Manajemen Bisnis | D35: 2 | E35: =IF(AND($G35<>"",$H35<>"",$I35<>"",$J35<>""),$D35,"") -> 2 | F35: =IF(AND($G35<>"",$H35<>"",$I35<>"",$J35<>""),_xlfn.IFNA(VLOOKUP(UPPER(J35),'Konversi Nilai'!$B$3:$C$28,2,FALSE),""),"") -> C | G35: - | H35: Manajemen | I35: 3 | J35: C
A36: 21 | B36: SI213506 | C36: Project Management | D36: 4 | E36: =IF(AND($G36<>"",$H36<>"",$I36<>"",$J36<>""),$D36,"") | F36: =IF(AND($G36<>"",$H36<>"",$I36<>"",$J36<>""),_xlfn.IFNA(VLOOKUP(UPPER(J36),'Konversi Nilai'!$B$3:$C$28,2,FALSE),""),"")
A37: 22 | B37: SI213302 | C37: Pemrograman Web | D37: 4 | E37: =IF(AND($G37<>"",$H37<>"",$I37<>"",$J37<>""),$D37,"") -> 4 | F37: =IF(AND($G37<>"",$H37<>"",$I37<>"",$J37<>""),_xlfn.IFNA(VLOOKUP(UPPER(J37),'Konversi Nilai'!$B$3:$C$28,2,FALSE),""),"") -> B | G37: - | H37: Pemrograman Sistem | I37: 3 | J37: B
A38: 23 | B38: SI213116 | C38: Rekayasa Perangkat Lunak | D38: 4 | E38: =IF(AND($G38<>"",$H38<>"",$I38<>"",$J38<>""),$D38,"") -> 4 | F38: =IF(AND($G38<>"",$H38<>"",$I38<>"",$J38<>""),_xlfn.IFNA(VLOOKUP(UPPER(J38),'Konversi Nilai'!$B$3:$C$28,2,FALSE),""),"") -> C | G38: - | H38: Rekayasa Perangkat Lunak | I38: 3 | J38: C
A39: Total SKS | D39: =SUM(D32:D38) -> 22 | E39: =SUM(E32:E38) -> 14 | I39: =SUM(I32:I38) -> 15
A40: SEMESTER 4
A41: 24 | B41: SI213502 | C41: Analisis dan Perancangan Sistem | D41: 4 | E41: =IF(AND($G41<>"",$H41<>"",$I41<>"",$J41<>""),$D41,"") | F41: =IF(AND($G41<>"",$H41<>"",$I41<>"",$J41<>""),_xlfn.IFNA(VLOOKUP(UPPER(J41),'Konversi Nilai'!$B$3:$C$28,2,FALSE),""),"")
A42: 25 | B42: SI213509 | C42: User Experience | D42: 2 | E42: =IF(AND($G42<>"",$H42<>"",$I42<>"",$J42<>""),$D42,"") -> 2 | F42: =IF(AND($G42<>"",$H42<>"",$I42<>"",$J42<>""),_xlfn.IFNA(VLOOKUP(UPPER(J42),'Konversi Nilai'!$B$3:$C$28,2,FALSE),""),"") -> B | G42: - | H42: Komputer dan Masyarakat | I42: 3 | J42: B
A43: 26 | B43: SI213106 | C43: Information System Security | D43: 2 | E43: =IF(AND($G43<>"",$H43<>"",$I43<>"",$J43<>""),$D43,"") -> 2 | F43: =IF(AND($G43<>"",$H43<>"",$I43<>"",$J43<>""),_xlfn.IFNA(VLOOKUP(UPPER(J43),'Konversi Nilai'!$B$3:$C$28,2,FALSE),""),"") -> B | G43: - | H43: Pemrograman Sistem Tersebar | I43: 3 | J43: B
A44: 27 | B44: SI213119 | C44: Supply Chain Management | D44: 4 | E44: =IF(AND($G44<>"",$H44<>"",$I44<>"",$J44<>""),$D44,"") | F44: =IF(AND($G44<>"",$H44<>"",$I44<>"",$J44<>""),_xlfn.IFNA(VLOOKUP(UPPER(J44),'Konversi Nilai'!$B$3:$C$28,2,FALSE),""),"")
A45: 28 | B45: SI213301 | C45: Pemrograman Berorientasi Obyek | D45: 4 | E45: =IF(AND($G45<>"",$H45<>"",$I45<>"",$J45<>""),$D45,"") -> 4 | F45: =IF(AND($G45<>"",$H45<>"",$I45<>"",$J45<>""),_xlfn.IFNA(VLOOKUP(UPPER(J45),'Konversi Nilai'!$B$3:$C$28,2,FALSE),""),"") -> B | G45: - | H45: Pemrograman Berorientasi Obyek | I45: 3 | J45: B
A46: 29 | B46: SI212505 | C46: Pendidikan Bahasa Asing III | D46: 4 | E46: =IF(AND($G46<>"",$H46<>"",$I46<>"",$J46<>""),$D46,"") | F46: =IF(AND($G46<>"",$H46<>"",$I46<>"",$J46<>""),_xlfn.IFNA(VLOOKUP(UPPER(J46),'Konversi Nilai'!$B$3:$C$28,2,FALSE),""),"")
A47: 30 | B47: SI212506 | C47: Pendidikan Etika dan Anti Korupsi | D47: 2 | E47: =IF(AND($G47<>"",$H47<>"",$I47<>"",$J47<>""),$D47,"") | F47: =IF(AND($G47<>"",$H47<>"",$I47<>"",$J47<>""),_xlfn.IFNA(VLOOKUP(UPPER(J47),'Konversi Nilai'!$B$3:$C$28,2,FALSE),""),"")
A48: Total SKS | D48: =SUM(D41:D47) -> 22 | E48: =SUM(E41:E47) -> 8 | I48: =SUM(I41:I47) -> 9
A49: SEMESTER 5
A50: 31 | B50: SI212502 | C50: Metodologi Penulisan Ilmiah | D50: 2 | E50: =IF(AND($G50<>"",$H50<>"",$I50<>"",$J50<>""),$D50,"") -> 2 | F50: =IF(AND($G50<>"",$H50<>"",$I50<>"",$J50<>""),_xlfn.IFNA(VLOOKUP(UPPER(J50),'Konversi Nilai'!$B$3:$C$28,2,FALSE),""),"") -> C | G50: - | H50: Teknik Survei | I50: 3 | J50: C
A51: 32 | B51: SI213101 | C51: Audit Sistem Informasi | D51: 4 | E51: =IF(AND($G51<>"",$H51<>"",$I51<>"",$J51<>""),$D51,"") | F51: =IF(AND($G51<>"",$H51<>"",$I51<>"",$J51<>""),_xlfn.IFNA(VLOOKUP(UPPER(J51),'Konversi Nilai'!$B$3:$C$28,2,FALSE),""),"")
A52: 33 | B52: SI213109 | C52: Manajemen & Organisasi | D52: 2 | E52: =IF(AND($G52<>"",$H52<>"",$I52<>"",$J52<>""),$D52,"") -> 2 | F52: =IF(AND($G52<>"",$H52<>"",$I52<>"",$J52<>""),_xlfn.IFNA(VLOOKUP(UPPER(J52),'Konversi Nilai'!$B$3:$C$28,2,FALSE),""),"") -> B | G52: - | H52: Organisasi dan Metode | I52: 3 | J52: B
A53: 34 | B53: SI213113 | C53: Marketing Communication | D53: 2 | E53: =IF(AND($G53<>"",$H53<>"",$I53<>"",$J53<>""),$D53,"") | F53: =IF(AND($G53<>"",$H53<>"",$I53<>"",$J53<>""),_xlfn.IFNA(VLOOKUP(UPPER(J53),'Konversi Nilai'!$B$3:$C$28,2,FALSE),""),"")
A54: 35 | B54: SI213508 | C54: Rintisan Bisnis Digital | D54: 4 | E54: =IF(AND($G54<>"",$H54<>"",$I54<>"",$J54<>""),$D54,"") | F54: =IF(AND($G54<>"",$H54<>"",$I54<>"",$J54<>""),_xlfn.IFNA(VLOOKUP(UPPER(J54),'Konversi Nilai'!$B$3:$C$28,2,FALSE),""),"")
A55: Total SKS | D55: =SUM(D50:D54) -> 14 | E55: =SUM(E50:E54) -> 4 | I55: =SUM(I50:I54) -> 6
A56: SEMESTER 6
A57: 36 | B57: SI213112 | C57: Manajemen Layanan TI | D57: 2 | E57: =IF(AND($G57<>"",$H57<>"",$I57<>"",$J57<>""),$D57,"") | F57: =IF(AND($G57<>"",$H57<>"",$I57<>"",$J57<>""),_xlfn.IFNA(VLOOKUP(UPPER(J57),'Konversi Nilai'!$B$3:$C$28,2,FALSE),""),"")
A58: 37 | B58: SI213107 | C58: Kecerdasan Bisnis | D58: 4 | E58: =IF(AND($G58<>"",$H58<>"",$I58<>"",$J58<>""),$D58,"") | F58: =IF(AND($G58<>"",$H58<>"",$I58<>"",$J58<>""),_xlfn.IFNA(VLOOKUP(UPPER(J58),'Konversi Nilai'!$B$3:$C$28,2,FALSE),""),"")
A59: 38 | B59: SI213115 | C59: Perencanaan Strategis TI | D59: 2 | E59: =IF(AND($G59<>"",$H59<>"",$I59<>"",$J59<>""),$D59,"") | F59: =IF(AND($G59<>"",$H59<>"",$I59<>"",$J59<>""),_xlfn.IFNA(VLOOKUP(UPPER(J59),'Konversi Nilai'!$B$3:$C$28,2,FALSE),""),"")
A60: 39 | B60: SI213105 | C60: Enterprise Architecture | D60: 2 | E60: =IF(AND($G60<>"",$H60<>"",$I60<>"",$J60<>""),$D60,"") -> 2 | F60: =IF(AND($G60<>"",$H60<>"",$I60<>"",$J60<>""),_xlfn.IFNA(VLOOKUP(UPPER(J60),'Konversi Nilai'!$B$3:$C$28,2,FALSE),""),"") -> C | G60: - | H60: Arsitektur Komputer I | I60: 3 | J60: C
A61: 40 | B61: SI212201 | C61: Seni dan Budaya | D61: 2 | E61: =IF(AND($G61<>"",$H61<>"",$I61<>"",$J61<>""),$D61,"") | F61: =IF(AND($G61<>"",$H61<>"",$I61<>"",$J61<>""),_xlfn.IFNA(VLOOKUP(UPPER(J61),'Konversi Nilai'!$B$3:$C$28,2,FALSE),""),"")
A62: 41 | B62: SI212501 | C62: Kewirausahaan | D62: 2 | E62: =IF(AND($G62<>"",$H62<>"",$I62<>"",$J62<>""),$D62,"") | F62: =IF(AND($G62<>"",$H62<>"",$I62<>"",$J62<>""),_xlfn.IFNA(VLOOKUP(UPPER(J62),'Konversi Nilai'!$B$3:$C$28,2,FALSE),""),"")
A63: Total SKS | D63: =SUM(D57:D62) -> 14 | E63: =SUM(E57:E62) -> 2 | I63: =SUM(I57:I62) -> 3
A64: SEMESTER 7
A65: 42 | B65: SI212508 | C65: Technopreneurship | D65: 2 | E65: =IF(AND($G65<>"",$H65<>"",$I65<>"",$J65<>""),$D65,"") | F65: =IF(AND($G65<>"",$H65<>"",$I65<>"",$J65<>""),_xlfn.IFNA(VLOOKUP(UPPER(J65),'Konversi Nilai'!$B$3:$C$28,2,FALSE),""),"")
A66: 43 | B66: SI213104 | C66: E-Commerce | D66: 4 | E66: =IF(AND($G66<>"",$H66<>"",$I66<>"",$J66<>""),$D66,"") -> 4 | F66: =IF(AND($G66<>"",$H66<>"",$I66<>"",$J66<>""),_xlfn.IFNA(VLOOKUP(UPPER(J66),'Konversi Nilai'!$B$3:$C$28,2,FALSE),""),"") -> C | G66: - | H66: Bahasa Pemrograman Tingkat Tinggi II | I66: 3 | J66: C
A67: 44 | B67: SI213111 | C67: Manajemen dan Proses TI | D67: 2 | E67: =IF(AND($G67<>"",$H67<>"",$I67<>"",$J67<>""),$D67,"") -> 2 | F67: =IF(AND($G67<>"",$H67<>"",$I67<>"",$J67<>""),_xlfn.IFNA(VLOOKUP(UPPER(J67),'Konversi Nilai'!$B$3:$C$28,2,FALSE),""),"") -> B | G67: - | H67: Teknologi Informasi | I67: 3 | J67: B
A68: 45 | B68: SI213401 | C68: Kerja Praktek | D68: 2 | E68: =IF(AND($G68<>"",$H68<>"",$I68<>"",$J68<>""),$D68,"") -> 2 | F68: =IF(AND($G68<>"",$H68<>"",$I68<>"",$J68<>""),_xlfn.IFNA(VLOOKUP(UPPER(J68),'Konversi Nilai'!$B$3:$C$28,2,FALSE),""),"") -> B | G68: - | H68: Tugas Akhir | I68: 4 | J68: B
A69: 46 | B69: SI213507 | C69: Proposal Tugas Akhir | D69: 2 | E69: =IF(AND($G69<>"",$H69<>"",$I69<>"",$J69<>""),$D69,"") | F69: =IF(AND($G69<>"",$H69<>"",$I69<>"",$J69<>""),_xlfn.IFNA(VLOOKUP(UPPER(J69),'Konversi Nilai'!$B$3:$C$28,2,FALSE),""),"")
A70: 47 | B70: SI214101 | C70: Advertising dan Sosial Media | D70: 4 | E70: =IF(AND($G70<>"",$H70<>"",$I70<>"",$J70<>""),$D70,"") | F70: =IF(AND($G70<>"",$H70<>"",$I70<>"",$J70<>""),_xlfn.IFNA(VLOOKUP(UPPER(J70),'Konversi Nilai'!$B$3:$C$28,2,FALSE),""),"")
A71: 48 | B71: SI214102 | C71: Data Mining | D71: 4 | E71: =IF(AND($G71<>"",$H71<>"",$I71<>"",$J71<>""),$D71,"") | F71: =IF(AND($G71<>"",$H71<>"",$I71<>"",$J71<>""),_xlfn.IFNA(VLOOKUP(UPPER(J71),'Konversi Nilai'!$B$3:$C$28,2,FALSE),""),"")
A72: 49 | B72: SI214103 | C72: Data Visualization | D72: 4 | E72: =IF(AND($G72<>"",$H72<>"",$I72<>"",$J72<>""),$D72,"") | F72: =IF(AND($G72<>"",$H72<>"",$I72<>"",$J72<>""),_xlfn.IFNA(VLOOKUP(UPPER(J72),'Konversi Nilai'!$B$3:$C$28,2,FALSE),""),"")
A73: 50 | B73: SI214104 | C73: Data Warehouse | D73: 4 | E73: =IF(AND($G73<>"",$H73<>"",$I73<>"",$J73<>""),$D73,"") | F73: =IF(AND($G73<>"",$H73<>"",$I73<>"",$J73<>""),_xlfn.IFNA(VLOOKUP(UPPER(J73),'Konversi Nilai'!$B$3:$C$28,2,FALSE),""),"")
A74: 51 | B74: SI214105 | C74: Deep Learning | D74: 4 | E74: =IF(AND($G74<>"",$H74<>"",$I74<>"",$J74<>""),$D74,"") | F74: =IF(AND($G74<>"",$H74<>"",$I74<>"",$J74<>""),_xlfn.IFNA(VLOOKUP(UPPER(J74),'Konversi Nilai'!$B$3:$C$28,2,FALSE),""),"")
A75: 52 | B75: SI214106 | C75: Image Processing | D75: 4 | E75: =IF(AND($G75<>"",$H75<>"",$I75<>"",$J75<>""),$D75,"") | F75: =IF(AND($G75<>"",$H75<>"",$I75<>"",$J75<>""),_xlfn.IFNA(VLOOKUP(UPPER(J75),'Konversi Nilai'!$B$3:$C$28,2,FALSE),""),"")
A76: 53 | B76: SI214107 | C76: IT Governance | D76: 4 | E76: =IF(AND($G76<>"",$H76<>"",$I76<>"",$J76<>""),$D76,"") | F76: =IF(AND($G76<>"",$H76<>"",$I76<>"",$J76<>""),_xlfn.IFNA(VLOOKUP(UPPER(J76),'Konversi Nilai'!$B$3:$C$28,2,FALSE),""),"")
A77: 54 | B77: SI214108 | C77: Keamanan Siber | D77: 4 | E77: =IF(AND($G77<>"",$H77<>"",$I77<>"",$J77<>""),$D77,"") | F77: =IF(AND($G77<>"",$H77<>"",$I77<>"",$J77<>""),_xlfn.IFNA(VLOOKUP(UPPER(J77),'Konversi Nilai'!$B$3:$C$28,2,FALSE),""),"")
A78: 55 | B78: SI214109 | C78: Manajemen Perubahan Organisasi | D78: 4 | E78: =IF(AND($G78<>"",$H78<>"",$I78<>"",$J78<>""),$D78,"") | F78: =IF(AND($G78<>"",$H78<>"",$I78<>"",$J78<>""),_xlfn.IFNA(VLOOKUP(UPPER(J78),'Konversi Nilai'!$B$3:$C$28,2,FALSE),""),"")
A79: 56 | B79: SI214110 | C79: Manajemen Resiko dan Kualitas TI | D79: 4 | E79: =IF(AND($G79<>"",$H79<>"",$I79<>"",$J79<>""),$D79,"") | F79: =IF(AND($G79<>"",$H79<>"",$I79<>"",$J79<>""),_xlfn.IFNA(VLOOKUP(UPPER(J79),'Konversi Nilai'!$B$3:$C$28,2,FALSE),""),"")
A80: 57 | B80: SI214111 | C80: Sistem Informasi Geografis | D80: 4 | E80: =IF(AND($G80<>"",$H80<>"",$I80<>"",$J80<>""),$D80,"") | F80: =IF(AND($G80<>"",$H80<>"",$I80<>"",$J80<>""),_xlfn.IFNA(VLOOKUP(UPPER(J80),'Konversi Nilai'!$B$3:$C$28,2,FALSE),""),"")
A81: 58 | B81: SI214112 | C81: Teknik Peramalan | D81: 4 | E81: =IF(AND($G81<>"",$H81<>"",$I81<>"",$J81<>""),$D81,"") | F81: =IF(AND($G81<>"",$H81<>"",$I81<>"",$J81<>""),_xlfn.IFNA(VLOOKUP(UPPER(J81),'Konversi Nilai'!$B$3:$C$28,2,FALSE),""),"")
A82: 59 | B82: SI214301 | C82: Animasi dan Pemodelan 3D | D82: 4 | E82: =IF(AND($G82<>"",$H82<>"",$I82<>"",$J82<>""),$D82,"") -> 4 | F82: =IF(AND($G82<>"",$H82<>"",$I82<>"",$J82<>""),_xlfn.IFNA(VLOOKUP(UPPER(J82),'Konversi Nilai'!$B$3:$C$28,2,FALSE),""),"") -> A | G82: - | H82: Komputer Grafik | I82: 3 | J82: A
A83: 60 | B83: SI214302 | C83: Game Programming | D83: 4 | E83: =IF(AND($G83<>"",$H83<>"",$I83<>"",$J83<>""),$D83,"") | F83: =IF(AND($G83<>"",$H83<>"",$I83<>"",$J83<>""),_xlfn.IFNA(VLOOKUP(UPPER(J83),'Konversi Nilai'!$B$3:$C$28,2,FALSE),""),"")
A84: 61 | B84: SI214303 | C84: Mobile Programming | D84: 4 | E84: =IF(AND($G84<>"",$H84<>"",$I84<>"",$J84<>""),$D84,"") -> 4 | F84: =IF(AND($G84<>"",$H84<>"",$I84<>"",$J84<>""),_xlfn.IFNA(VLOOKUP(UPPER(J84),'Konversi Nilai'!$B$3:$C$28,2,FALSE),""),"") -> A | G84: - | H84: Pemrograman Simulasi | I84: 3 | J84: A
A85: 62 | B85: SI214304 | C85: Realitas Virtual dan Augmentasi | D85: 4 | E85: =IF(AND($G85<>"",$H85<>"",$I85<>"",$J85<>""),$D85,"") | F85: =IF(AND($G85<>"",$H85<>"",$I85<>"",$J85<>""),_xlfn.IFNA(VLOOKUP(UPPER(J85),'Konversi Nilai'!$B$3:$C$28,2,FALSE),""),"")
A86: 63 | B86: SI214305 | C86: Teknologi Pengujian Sistem | D86: 4 | E86: =IF(AND($G86<>"",$H86<>"",$I86<>"",$J86<>""),$D86,"") | F86: =IF(AND($G86<>"",$H86<>"",$I86<>"",$J86<>""),_xlfn.IFNA(VLOOKUP(UPPER(J86),'Konversi Nilai'!$B$3:$C$28,2,FALSE),""),"")
A87: 64 | B87: SI214501 | C87: Teknologi Manajemen Proyek | D87: 4 | E87: =IF(AND($G87<>"",$H87<>"",$I87<>"",$J87<>""),$D87,"") | F87: =IF(AND($G87<>"",$H87<>"",$I87<>"",$J87<>""),_xlfn.IFNA(VLOOKUP(UPPER(J87),'Konversi Nilai'!$B$3:$C$28,2,FALSE),""),"")
A88: Total SKS | D88: =SUM(D65:D87) -> 84 | E88: =SUM(E65:E87) -> 16 | I88: =SUM(I65:I87) -> 16
A89: SEMESTER 8
A90: 65 | B90: SI213402 | C90: Tugas Akhir | D90: 4 | E90: =IF(AND($G90<>"",$H90<>"",$I90<>"",$J90<>""),$D90,"") | F90: =IF(AND($G90<>"",$H90<>"",$I90<>"",$J90<>""),_xlfn.IFNA(VLOOKUP(UPPER(J90),'Konversi Nilai'!$B$3:$C$28,2,FALSE),""),"")
A91: Total SKS | D91: =SUM(D90) -> 4 | E91: =SUM(E90) -> 0 | I91: =SUM(I90) -> 0
A92: SKS STIKOM BALI | D92: =E91+E88+E63+E55+E48+E39+E30+E20 -> 81 | G92: SKS ASAL | I92: =SUM(I91,I88,I63,I55,I48,I39,I30,I20) -> 92

Sheet Konversi Nilai
B2: Nilai Asal | C2: Nilai Diakui
B3: A | C3: A
B4: AB | C4: AB
B5: B | C5: B
B6: BC | C6: BC
B7: C | C7: C
B8: A- | C8: AB
B9: B+ | C9: AB
B10: B- | C10: BC
B11: C+ | C11: BC
