Workbook

Sheet Proses
A1: Hasil Transfer Nilai Sementara
A2: Program Studi Sistem Informasi ITB STIKOM Bali
A4: Nama Calon Mhs | C4: : I Made Oka Mahendra | G4: Prodi | H4: :Sistem Informasi
A5: Asal PT/Univ. | C5: : ITB STIKOM Bali | G5: Jenjang | H5: :ReNIM
A6: Fakultas | C6: : - | G6: Tgl. Proses | H6: : 6 Juli 2021
A7: Total SKS ditransfer | C7: =": "&D129&" SKS" -> : 40 SKS
A9: Matakuliah ITB STIKOM Bali | G9: Matakuliah Asal
A10: NO | B10: KODE | C10: MATA KULIAH | D10: SKS | E10: SKS Diakui | F10: Nilai | G10: KODE | H10: MATA KULIAH | I10: SKS | J10: Nilai
A11: SEMESTER 1
A12: 1 | B12: SI9105 | C12: Bahasa Inggris I | D12: 2 | E12: =IF(AND($G12<>"",$H12<>"",$I12<>"",$J12<>""),$D12,"") -> 2 | F12: =IF(AND($G12<>"",$H12<>"",$I12<>"",$J12<>""),$J12,"") -> AB | G12: SI9105 | H12: Bahasa Inggris I | I12: 2 | J12: AB
A13: 2 | B13: SI9208 | C13: Seni dan Budaya | D13: 2 | E13: =IF(AND($G13<>"",$H13<>"",$I13<>"",$J13<>""),$D13,"") -> 2 | F13: =IF(AND($G13<>"",$H13<>"",$I13<>"",$J13<>""),$J13,"") -> A | G13: SI9208 | H13: Seni Budaya | I13: 2 | J13: A
A14: 3 | B14: SI0201 | C14: Matematika Diskrit | D14: 4 | E14: =IF(AND($G14<>"",$H14<>"",$I14<>"",$J14<>""),$D14,"") -> 4 | F14: =IF(AND($G14<>"",$H14<>"",$I14<>"",$J14<>""),$J14,"") -> AB | G14: SI0201 | H14: Matematika Diskrit | I14: 4 | J14: AB
A15: 4 | B15: SI0202 | C15: Algoritma dan Pemrograman | D15: 2 | E15: =IF(AND($G15<>"",$H15<>"",$I15<>"",$J15<>""),$D15,"") -> 2 | F15: =IF(AND($G15<>"",$H15<>"",$I15<>"",$J15<>""),$J15,"") -> AB | G15: SI0202 | H15: Algoritma dan Pemrograman | I15: 2 | J15: AB
A16: 5 | B16: SI0304 | C16: Praktikum Algoritma dan Pemrograman | D16: 1 | E16: =IF(AND($G16<>"",$H16<>"",$I16<>"",$J16<>""),$D16,"") -> 1 | F16: =IF(AND($G16<>"",$H16<>"",$I16<>"",$J16<>""),$J16,"") -> AB | G16: SI0304 | H16: Praktikum Algoritma dan Pemrograman | I16: 1 | J16: AB
A17: 6 | B17: SI9203 | C17: Pengantar Teknologi Informasi | D17: 2 | E17: =IF(AND($G17<>"",$H17<>"",$I17<>"",$J17<>""),$D17,"") -> 2 | F17: =IF(AND($G17<>"",$H17<>"",$I17<>"",$J17<>""),$J17,"") -> AB | G17: SI9203 | H17: Pengantar Teknologi Informasi | I17: 2 | J17: AB
A18: 7 | B18: SI9301 | C18: Praktikum Pengantar Teknologi Informasi | D18: 1 | E18: =IF(AND($G18<>"",$H18<>"",$I18<>"",$J18<>""),$D18,"") -> 1 | F18: =IF(AND($G18<>"",$H18<>"",$I18<>"",$J18<>""),$J18,"") -> B | G18: SI9301 | H18: Praktikum Pengantar Teknologi Informasi | I18: 1 | J18: B
A19: 8 | B19: SI0102 | C19: Pancasila | D19: 2 | E19: =IF(AND($G19<>"",$H19<>"",$I19<>"",$J19<>""),$D19,"") -> 2 | F19: =IF(AND($G19<>"",$H19<>"",$I19<>"",$J19<>""),$J19,"") -> A | G19: SI0102 | H19: Pancasila | I19: 2 | J19: A
A20: 9 | B20: SI0221 | C20: Konsep dan Aplikasi Sistem Informasi | D20: 2 | E20: =IF(AND($G20<>"",$H20<>"",$I20<>"",$J20<>""),$D20,"") | F20: =IF(AND($G20<>"",$H20<>"",$I20<>"",$J20<>""),$J20,"")
A21: Total SKS | D21: =SUM(D12:D20) -> 18 | E21: =SUM(E12:E20) -> 16 | F21: =IF(I21<>"",J21,"")
A22: SEMESTER 2
A23: 1 | B23: SI0204 | C23: Komunikasi Data | D23: 4 | E23: =IF(AND($G23<>"",$H23<>"",$I23<>"",$J23<>""),$D23,"") -> 4 | F23: =IF(AND($G23<>"",$H23<>"",$I23<>"",$J23<>""),$J23,"") -> C | G23: SI0204 | H23: Komunikasi Data | I23: 4 | J23: C
A24: 2 | B24: SI0205 | C24: Basis Data | D24: 2 | E24: =IF(AND($G24<>"",$H24<>"",$I24<>"",$J24<>""),$D24,"") -> 2 | F24: =IF(AND($G24<>"",$H24<>"",$I24<>"",$J24<>""),$J24,"") -> B | G24: SI0205 | H24: Basis Data | I24: 2 | J24: B
A25: 3 | B25: SI0302 | C25: Praktikum Basis data | D25: 1 | E25: =IF(AND($G25<>"",$H25<>"",$I25<>"",$J25<>""),$D25,"") | F25: =IF(AND($G25<>"",$H25<>"",$I25<>"",$J25<>""),$J25,"")
A26: 4 | B26: SI0206 | C26: Struktur Data | D26: 2 | E26: =IF(AND($G26<>"",$H26<>"",$I26<>"",$J26<>""),$D26,"") -> 2 | F26: =IF(AND($G26<>"",$H26<>"",$I26<>"",$J26<>""),$J26,"") -> A | G26: SI0206 | H26: Struktur Data | I26: 2 | J26: A
A27: 5 | B27: SI0303 | C27: Praktikum Struktur Data | D27: 1 | E27: =IF(AND($G27<>"",$H27<>"",$I27<>"",$J27<>""),$D27,"") -> 1 | F27: =IF(AND($G27<>"",$H27<>"",$I27<>"",$J27<>""),$J27,"") -> C | G27: SI0303 | H27: Praktikum Struktur Data | I27: 1 | J27: C
A28: 6 | B28: SI9207 | C28: Organisasi Komputer | D28: 2 | E28: =IF(AND($G28<>"",$H28<>"",$I28<>"",$J28<>""),$D28,"") -> 2 | F28: =IF(AND($G28<>"",$H28<>"",$I28<>"",$J28<>""),$J28,"") -> C | G28: SI9207 | H28: Organisasi Komputer | I28: 2 | J28: C
A29: 7 | B29: SI9106 | C29: Bahasa Inggris II | D29: 2 | E29: =IF(AND($G29<>"",$H29<>"",$I29<>"",$J29<>""),$D29,"") | F29: =IF(AND($G29<>"",$H29<>"",$I29<>"",$J29<>""),$J29,"")
A30: 8 | B30: SI0103 | C30: Kewarganegaraan | D30: 2 | E30: =IF(AND($G30<>"",$H30<>"",$I30<>"",$J30<>""),$D30,"") | F30: =IF(AND($G30<>"",$H30<>"",$I30<>"",$J30<>""),$J30,"")
A31: 9 | B31: SI0101 | C31: Pendidikan Agama | D31: 2 | E31: =IF(AND($G31<>"",$H31<>"",$I31<>"",$J31<>""),$D31,"") | F31: =IF(AND($G31<>"",$H31<>"",$I31<>"",$J31<>""),$J31,"")
A32: Total SKS | D32: =SUM(D23:D31) -> 18 | E32: =SUM(E23:E31) -> 11 | F32: =IF(I32<>"",J32,"")
A33: SEMESTER 3
A34: 1 | B34: SI0209 | C34: Jaringan Komputer | D34: 2 | E34: =IF(AND($G34<>"",$H34<>"",$I34<>"",$J34<>""),$D34,"") -> 2 | F34: =IF(AND($G34<>"",$H34<>"",$I34<>"",$J34<>""),$J34,"") -> BC | G34: SI0209 | H34: Jaringan Komputer | I34: 2 | J34: BC
A35: 2 | B35: SI0305 | C35: Praktikum Jaringan Komputer | D35: 1 | E35: =IF(AND($G35<>"",$H35<>"",$I35<>"",$J35<>""),$D35,"") -> 1 | F35: =IF(AND($G35<>"",$H35<>"",$I35<>"",$J35<>""),$J35,"") -> AB | G35: SI0305 | H35: Praktikum Jaringan Komputer | I35: 1 | J35: AB
A36: 3 | B36: SI0306 | C36: Perancangan Web | D36: 4 | E36: =IF(AND($G36<>"",$H36<>"",$I36<>"",$J36<>""),$D36,"") -> 4 | F36: =IF(AND($G36<>"",$H36<>"",$I36<>"",$J36<>""),$J36,"") -> BC | G36: SI0306 | H36: Perancangan Web | I36: 4 | J36: BC
A37: 4 | B37: SI0211 | C37: Analisis dan Perancangan Sistem | D37: 4 | E37: =IF(AND($G37<>"",$H37<>"",$I37<>"",$J37<>""),$D37,"") | F37: =IF(AND($G37<>"",$H37<>"",$I37<>"",$J37<>""),$J37,"")
A38: 5 | B38: SI0307 | C38: Pemrograman Berorientasi Obyek | D38: 4 | E38: =IF(AND($G38<>"",$H38<>"",$I38<>"",$J38<>""),$D38,"") | F38: =IF(AND($G38<>"",$H38<>"",$I38<>"",$J38<>""),$J38,"")
A39: 6 | B39: SI0213 | C39: Sistem Operasi | D39: 2 | E39: =IF(AND($G39<>"",$H39<>"",$I39<>"",$J39<>""),$D39,"") | F39: =IF(AND($G39<>"",$H39<>"",$I39<>"",$J39<>""),$J39,"")
A40: 7 | B40: SI0217 | C40: Kalkulus | D40: 2 | E40: =IF(AND($G40<>"",$H40<>"",$I40<>"",$J40<>""),$D40,"") | F40: =IF(AND($G40<>"",$H40<>"",$I40<>"",$J40<>""),$J40,"")
A41: Total SKS | D41: =SUM(D34:D40) -> 19 | E41: =SUM(E34:E40) -> 7
A42: SEMESTER 4
A43: 1 | B43: SI9251 | C43: Akuntansi | D43: 2 | E43: =IF(AND($G43<>"",$H43<>"",$I43<>"",$J43<>""),$D43,"") | F43: =IF(AND($G43<>"",$H43<>"",$I43<>"",$J43<>""),$J43,"")
A44: 2 | B44: SI9501 | C44: Komunikasi Bisnis | D44: 2 | E44: =IF(AND($G44<>"",$H44<>"",$I44<>"",$J44<>""),$D44,"") | F44: =IF(AND($G44<>"",$H44<>"",$I44<>"",$J44<>""),$J44,"")
A45: 3 | B45: SI9215 | C45: Interaksi Manusia dan Komputer | D45: 2 | E45: =IF(AND($G45<>"",$H45<>"",$I45<>"",$J45<>""),$D45,"") | F45: =IF(AND($G45<>"",$H45<>"",$I45<>"",$J45<>""),$J45,"")
A46: 4 | B46: SI0104 | C46: Bahasa Indonesia | D46: 2 | E46: =IF(AND($G46<>"",$H46<>"",$I46<>"",$J46<>""),$D46,"") | F46: =IF(AND($G46<>"",$H46<>"",$I46<>"",$J46<>""),$J46,"")
A47: 5 | B47: SI9308 | C47: Pemrograman Web | D47: 4 | E47: =IF(AND($G47<>"",$H47<>"",$I47<>"",$J47<>""),$D47,"") | F47: =IF(AND($G47<>"",$H47<>"",$I47<>"",$J47<>""),$J47,"")
A48: 6 | B48: SI0212 | C48: Pemodelan Berorientasi Obyek | D48: 4 | E48: =IF(AND($G48<>"",$H48<>"",$I48<>"",$J48<>""),$D48,"") | F48: =IF(AND($G48<>"",$H48<>"",$I48<>"",$J48<>""),$J48,"")
A49: 7 | B49: SI9218 | C49: Mobile Programming | D49: 4 | E49: =IF(AND($G49<>"",$H49<>"",$I49<>"",$J49<>""),$D49,"") | F49: =IF(AND($G49<>"",$H49<>"",$I49<>"",$J49<>""),$J49,"")
A50: Total SKS | D50: =SUM(D43:D49) -> 20 | E50: =SUM(E43:E49) -> 0
A51: SEMESTER 5 ENTERPRICE SISTEM (ES)
A52: 1 | B52: SI9216 | C52: Metodologi Penulisan Ilmiah | D52: 2 | E52: =IF(AND($G52<>"",$H52<>"",$I52<>"",$J52<>""),$D52,"") | F52: =IF(AND($G52<>"",$H52<>"",$I52<>"",$J52<>""),$J52,"")
A53: 2 | B53: SI9252 | C53: Cloud Computing | D53: 4 | E53: =IF(AND($G53<>"",$H53<>"",$I53<>"",$J53<>""),$D53,"") | F53: =IF(AND($G53<>"",$H53<>"",$I53<>"",$J53<>""),$J53,"")
A54: 3 | B54: SI0210 | C54: Rekayasa Perangkat Lunak | D54: 4 | E54: =IF(AND($G54<>"",$H54<>"",$I54<>"",$J54<>""),$D54,"") | F54: =IF(AND($G54<>"",$H54<>"",$I54<>"",$J54<>""),$J54,"")
A55: 4 | B55: SI9351 | C55: Pemrograman Visual | D55: 4 | E55: =IF(AND($G55<>"",$H55<>"",$I55<>"",$J55<>""),$D55,"") | F55: =IF(AND($G55<>"",$H55<>"",$I55<>"",$J55<>""),$J55,"")
A56: 5 | B56: SI9241 | C56: Statistik | D56: 2 | E56: =IF(AND($G56<>"",$H56<>"",$I56<>"",$J56<>""),$D56,"") | F56: =IF(AND($G56<>"",$H56<>"",$I56<>"",$J56<>""),$J56,"")
A57: 6 | B57: SI9357 | C57: Enterprise Architecture | D57: 2 | E57: =IF(AND($G57<>"",$H57<>"",$I57<>"",$J57<>""),$D57,"") | F57: =IF(AND($G57<>"",$H57<>"",$I57<>"",$J57<>""),$J57,"")
A58: 7 | B58: SI9220 | C58: User Experience | D58: 2 | E58: =IF(AND($G58<>"",$H58<>"",$I58<>"",$J58<>""),$D58,"") | F58: =IF(AND($G58<>"",$H58<>"",$I58<>"",$J58<>""),$J58,"")
A59: Total SKS | D59: =SUM(D52:D58) -> 20 | E59: =SUM(E52:E58) -> 0
A60: SEMESTER 5 GAME AND MULTIMEDIA (G&M)
A61: 1 | B61: SI9216 | C61: Metodologi Penulisan Ilmiah | D61: 2 | E61: =IF(AND($G61<>"",$H61<>"",$I61<>"",$J61<>""),$D61,"") | F61: =IF(AND($G61<>"",$H61<>"",$I61<>"",$J61<>""),$J61,"") | G61: =IF(AND($G52<>"",$H52<>"",$I52<>"",$J52<>""),G52,"") | H61: =IF(AND($G52<>"",$H52<>"",$I52<>"",$J52<>""),H52,"") | I61: =IF(AND($G52<>"",$H52<>"",$I52<>"",$J52<>""),I52,"") | J61: =IF(AND($G52<>"",$H52<>"",$I52<>"",$J52<>""),J52,"")
A62: 2 | B62: SI9263 | C62: Advertising dan Social Media | D62: 4 | E62: =IF(AND($G62<>"",$H62<>"",$I62<>"",$J62<>""),$D62,"") | F62: =IF(AND($G62<>"",$H62<>"",$I62<>"",$J62<>""),$J62,"")
A63: 3 | B63: SI0210 | C63: Rekayasa Perangkat Lunak | D63: 4 | E63: =IF(AND($G63<>"",$H63<>"",$I63<>"",$J63<>""),$D63,"") | F63: =IF(AND($G63<>"",$H63<>"",$I63<>"",$J63<>""),$J63,"") | G63: =IF(AND($G54<>"",$H54<>"",$I54<>"",$J54<>""),G54,"") | H63: =IF(AND($G54<>"",$H54<>"",$I54<>"",$J54<>""),H54,"") | I63: =IF(AND($G54<>"",$H54<>"",$I54<>"",$J54<>""),I54,"") | J63: =IF(AND($G54<>"",$H54<>"",$I54<>"",$J54<>""),J54,"")
A64: 4 | B64: SI9262 | C64: Audio Video Editing | D64: 2 | E64: =IF(AND($G64<>"",$H64<>"",$I64<>"",$J64<>""),$D64,"") -> 2 | F64: =IF(AND($G64<>"",$H64<>"",$I64<>"",$J64<>""),$J64,"") -> AB | G64: SI9262 | H64: Audio Video Editing | I64: 2 | J64: AB
A65: 5 | B65: SI9261 | C65: Desain Grafis | D65: 4 | E65: =IF(AND($G65<>"",$H65<>"",$I65<>"",$J65<>""),$D65,"") | F65: =IF(AND($G65<>"",$H65<>"",$I65<>"",$J65<>""),$J65,"")
A66: 6 | B66: SI9241 | C66: Statistik | D66: 2 | E66: =IF(AND($G66<>"",$H66<>"",$I66<>"",$J66<>""),$D66,"") | F66: =IF(AND($G66<>"",$H66<>"",$I66<>"",$J66<>""),$J66,"") | G66: =IF(AND($G56<>"",$H56<>"",$I56<>"",$J56<>""),G56,"") | H66: =IF(AND($G56<>"",$H56<>"",$I56<>"",$J56<>""),H56,"") | I66: =IF(AND($G56<>"",$H56<>"",$I56<>"",$J56<>""),I56,"") | J66: =IF(AND($G56<>"",$H56<>"",$I56<>"",$J56<>""),J56,"")
A67: 7 | B67: SI9220 | C67: User Experience | D67: 2 | E67: =IF(AND($G67<>"",$H67<>"",$I67<>"",$J67<>""),$D67,"") | F67: =IF(AND($G67<>"",$H67<>"",$I67<>"",$J67<>""),$J67,"") | G67: =IF(AND($G58<>"",$H58<>"",$I58<>"",$J58<>""),G58,"") | H67: =IF(AND($G58<>"",$H58<>"",$I58<>"",$J58<>""),H58,"") | I67: =IF(AND($G58<>"",$H58<>"",$I58<>"",$J58<>""),I58,"") | J67: =IF(AND($G58<>"",$H58<>"",$I58<>"",$J58<>""),J58,"")
A68: Total SKS | D68: =SUM(D61:D67) -> 20 | E68: =SUM(E61:E67) -> 2
A69: SEMESTER 5 INFORMATION SISTEM (IS)
A70: 1 | B70: SI9216 | C70: Metodologi Penulisan Ilmiah | D70: 2 | E70: =IF(AND($G70<>"",$H70<>"",$I70<>"",$J70<>""),$D70,"") | F70: =IF(AND($G70<>"",$H70<>"",$I70<>"",$J70<>""),$J70,"") | G70: =IF(AND($G52<>"",$H52<>"",$I52<>"",$J52<>""),G52,"") | H70: =IF(AND($G52<>"",$H52<>"",$I52<>"",$J52<>""),H52,"") | I70: =IF(AND($G52<>"",$H52<>"",$I52<>"",$J52<>""),I52,"") | J70: =IF(AND($G52<>"",$H52<>"",$I52<>"",$J52<>""),J52,"")
A71: 2 | B71: SI0210 | C71: Rekayasa Perangkat Lunak | D71: 4 | E71: =IF(AND($G71<>"",$H71<>"",$I71<>"",$J71<>""),$D71,"") | F71: =IF(AND($G71<>"",$H71<>"",$I71<>"",$J71<>""),$J71,"") | G71: =IF(AND($G54<>"",$H54<>"",$I54<>"",$J54<>""),G54,"") | H71: =IF(AND($G54<>"",$H54<>"",$I54<>"",$J54<>""),H54,"") | I71: =IF(AND($G54<>"",$H54<>"",$I54<>"",$J54<>""),I54,"") | J71: =IF(AND($G54<>"",$H54<>"",$I54<>"",$J54<>""),J54,"")
A72: 3 | B72: SI0274 | C72: Artificial Intelligence | D72: 4 | E72: =IF(AND($G72<>"",$H72<>"",$I72<>"",$J72<>""),$D72,"") | F72: =IF(AND($G72<>"",$H72<>"",$I72<>"",$J72<>""),$J72,"")
A73: 4 | B73: SI0275 | C73: Pengolahan Citra Digital | D73: 4 | E73: =IF(AND($G73<>"",$H73<>"",$I73<>"",$J73<>""),$D73,"") | F73: =IF(AND($G73<>"",$H73<>"",$I73<>"",$J73<>""),$J73,"")
A74: 5 | B74: SI9241 | C74: Statistik | D74: 2 | E74: =IF(AND($G74<>"",$H74<>"",$I74<>"",$J74<>""),$D74,"") | F74: =IF(AND($G74<>"",$H74<>"",$I74<>"",$J74<>""),$J74,"") | G74: =IF(AND($G56<>"",$H56<>"",$I56<>"",$J56<>""),G56,"") | H74: =IF(AND($G56<>"",$H56<>"",$I56<>"",$J56<>""),H56,"") | I74: =IF(AND($G56<>"",$H56<>"",$I56<>"",$J56<>""),I56,"") | J74: =IF(AND($G56<>"",$H56<>"",$I56<>"",$J56<>""),J56,"")
A75: 6 | B75: SI0276 | C75: Teknik Peramalan | D75: 2 | E75: =IF(AND($G75<>"",$H75<>"",$I75<>"",$J75<>""),$D75,"") | F75: =IF(AND($G75<>"",$H75<>"",$I75<>"",$J75<>""),$J75,"")
A76: 7 | B76: SI9220 | C76: User Experience | D76: 2 | E76: =IF(AND($G76<>"",$H76<>"",$I76<>"",$J76<>""),$D76,"") | F76: =IF(AND($G76<>"",$H76<>"",$I76<>"",$J76<>""),$J76,"") | G76: =IF(AND($G58<>"",$H58<>"",$I58<>"",$J58<>""),G58,"") | H76: =IF(AND($G58<>"",$H58<>"",$I58<>"",$J58<>""),H58,"") | I76: =IF(AND($G58<>"",$H58<>"",$I58<>"",$J58<>""),I58,"") | J76: =IF(AND($G58<>"",$H58<>"",$I58<>"",$J58<>""),J58,"")
A77: Total SKS | D77: =SUM(D70:D76) -> 20 | E77: =SUM(E70:E76) -> 0
A78: SEMESTER 6 ENTERPRICE SISTEM (ES)
A79: 1 | B79: SI9254 | C79: Information System Security | D79: 4 | E79: =IF(AND($G79<>"",$H79<>"",$I79<>"",$J79<>""),$D79,"") | F79: =IF(AND($G79<>"",$H79<>"",$I79<>"",$J79<>""),$J79,"")
A80: 2 | B80: SI9253 | C80: Sistem Informasi Geografis | D80: 4 | E80: =IF(AND($G80<>"",$H80<>"",$I80<>"",$J80<>""),$D80,"") | F80: =IF(AND($G80<>"",$H80<>"",$I80<>"",$J80<>""),$J80,"")
A81: 3 | B81: SI9242 | C81: IT Governance | D81: 2 | E81: =IF(AND($G81<>"",$H81<>"",$I81<>"",$J81<>""),$D81,"") | F81: =IF(AND($G81<>"",$H81<>"",$I81<>"",$J81<>""),$J81,"")
A82: 4 | B82: SI0356 | C82: Sistem Informasi Akuntansi | D82: 2 | E82: =IF(AND($G82<>"",$H82<>"",$I82<>"",$J82<>""),$D82,"") | F82: =IF(AND($G82<>"",$H82<>"",$I82<>"",$J82<>""),$J82,"")
A83: 5 | B83: SI9558 | C83: ERP | D83: 4 | E83: =IF(AND($G83<>"",$H83<>"",$I83<>"",$J83<>""),$D83,"") | F83: =IF(AND($G83<>"",$H83<>"",$I83<>"",$J83<>""),$J83,"")
A84: 6 | B84: SI9271 | C84: Supply Chain Management | D84: 4 | E84: =IF(AND($G84<>"",$H84<>"",$I84<>"",$J84<>""),$D84,"") | F84: =IF(AND($G84<>"",$H84<>"",$I84<>"",$J84<>""),$J84,"")
A85: Total SKS | D85: =SUM(D79:D84) -> 20 | E85: =SUM(E79:E84) -> 0
A86: SEMESTER 6 GAME AND MULTIMEDIA (G&M)
A87: 1 | B87: SI0361 | C87: Komputer Animasi | D87: 4 | E87: =IF(AND($G87<>"",$H87<>"",$I87<>"",$J87<>""),$D87,"") | F87: =IF(AND($G87<>"",$H87<>"",$I87<>"",$J87<>""),$J87,"")
A88: 2 | B88: SI9242 | C88: IT Governance | D88: 2 | E88: =IF(AND($G88<>"",$H88<>"",$I88<>"",$J88<>""),$D88,"") | F88: =IF(AND($G88<>"",$H88<>"",$I88<>"",$J88<>""),$J88,"") | G88: =IF(AND($G81<>"",$H81<>"",$I81<>"",$J81<>""),G81,"") | H88: =IF(AND($G81<>"",$H81<>"",$I81<>"",$J81<>""),H81,"") | I88: =IF(AND($G81<>"",$H81<>"",$I81<>"",$J81<>""),I81,"") | J88: =IF(AND($G81<>"",$H81<>"",$I81<>"",$J81<>""),J81,"")
A89: 3 | B89: SI9264 | C89: Story Boarding & Concept Art | D89: 4 | E89: =IF(AND($G89<>"",$H89<>"",$I89<>"",$J89<>""),$D89,"") | F89: =IF(AND($G89<>"",$H89<>"",$I89<>"",$J89<>""),$J89,"")
A90: 4 | B90: SI0356 | C90: Sistem Informasi Akuntansi | D90: 2 | E90: =IF(AND($G90<>"",$H90<>"",$I90<>"",$J90<>""),$D90,"") | F90: =IF(AND($G90<>"",$H90<>"",$I90<>"",$J90<>""),$J90,"") | G90: =IF(AND($G82<>"",$H82<>"",$I82<>"",$J82<>""),G82,"") | H90: =IF(AND($G82<>"",$H82<>"",$I82<>"",$J82<>""),H82,"") | I90: =IF(AND($G82<>"",$H82<>"",$I82<>"",$J82<>""),I82,"") | J90: =IF(AND($G82<>"",$H82<>"",$I82<>"",$J82<>""),J82,"")
A91: 5 | B91: SI0265 | C91: Game Programming | D91: 4 | E91: =IF(AND($G91<>"",$H91<>"",$I91<>"",$J91<>""),$D91,"") | F91: =IF(AND($G91<>"",$H91<>"",$I91<>"",$J91<>""),$J91,"")
A92: 6 | B92: SI9271 | C92: Supply Chain Management | D92: 4 | E92: =IF(AND($G92<>"",$H92<>"",$I92<>"",$J92<>""),$D92,"") | F92: =IF(AND($G92<>"",$H92<>"",$I92<>"",$J92<>""),$J92,"") | G92: =IF(AND($G84<>"",$H84<>"",$I84<>"",$J84<>""),G84,"") | H92: =IF(AND($G84<>"",$H84<>"",$I84<>"",$J84<>""),H84,"") | I92: =IF(AND($G84<>"",$H84<>"",$I84<>"",$J84<>""),I84,"") | J92: =IF(AND($G84<>"",$H84<>"",$I84<>"",$J84<>""),J84,"")
A93: Total SKS | D93: =SUM(D87:D92) -> 20 | E93: =SUM(E87:E92) -> 0
A94: SEMESTER 6 INFORMATION SISTEM (IS)
A95: 1 | B95: SI9379 | C95: Data Visualization | D95: 4 | E95: =IF(AND($G95<>"",$H95<>"",$I95<>"",$J95<>""),$D95,"") | F95: =IF(AND($G95<>"",$H95<>"",$I95<>"",$J95<>""),$J95,"")
A96: 2 | B96: SI9272 | C96: Data Warehouse | D96: 4 | E96: =IF(AND($G96<>"",$H96<>"",$I96<>"",$J96<>""),$D96,"") | F96: =IF(AND($G96<>"",$H96<>"",$I96<>"",$J96<>""),$J96,"")
A97: 3 | B97: SI0273 | C97: Sistem Pakar | D97: 4 | E97: =IF(AND($G97<>"",$H97<>"",$I97<>"",$J97<>""),$D97,"") | F97: =IF(AND($G97<>"",$H97<>"",$I97<>"",$J97<>""),$J97,"")
A98: 4 | B98: SI0356 | C98: Sistem Informasi Akuntansi | D98: 2 | E98: =IF(AND($G98<>"",$H98<>"",$I98<>"",$J98<>""),$D98,"") | F98: =IF(AND($G98<>"",$H98<>"",$I98<>"",$J98<>""),$J98,"") | G98: =IF(AND($G82<>"",$H82<>"",$I82<>"",$J82<>""),G82,"") | H98: =IF(AND($G82<>"",$H82<>"",$I82<>"",$J82<>""),H82,"") | I98: =IF(AND($G82<>"",$H82<>"",$I82<>"",$J82<>""),I82,"") | J98: =IF(AND($G82<>"",$H82<>"",$I82<>"",$J82<>""),J82,"")
A99: 5 | B99: SI9242 | C99: IT Governance | D99: 2 | E99: =IF(AND($G99<>"",$H99<>"",$I99<>"",$J99<>""),$D99,"") | F99: =IF(AND($G99<>"",$H99<>"",$I99<>"",$J99<>""),$J99,"") | G99: =IF(AND($G81<>"",$H81<>"",$I81<>"",$J81<>""),G81,"") | H99: =IF(AND($G81<>"",$H81<>"",$I81<>"",$J81<>""),H81,"") | I99: =IF(AND($G81<>"",$H81<>"",$I81<>"",$J81<>""),I81,"") | J99: =IF(AND($G81<>"",$H81<>"",$I81<>"",$J81<>""),J81,"")
A100: 6 | B100: SI9271 | C100: Supply Chain Management | D100: 4 | E100: =IF(AND($G100<>"",$H100<>"",$I100<>"",$J100<>""),$D100,"") | F100: =IF(AND($G100<>"",$H100<>"",$I100<>"",$J100<>""),$J100,"") | G100: =IF(AND($G84<>"",$H84<>"",$I84<>"",$J84<>""),G84,"") | H100: =IF(AND($G84<>"",$H84<>"",$I84<>"",$J84<>""),H84,"") | I100: =IF(AND($G84<>"",$H84<>"",$I84<>"",$J84<>""),I84,"") | J100: =IF(AND($G84<>"",$H84<>"",$I84<>"",$J84<>""),J84,"")
A101: Total SKS | D101: =SUM(D95:D100) -> 20 | E101: =SUM(E95:E100) -> 0
A102: SEMESTER 7 ENTERPRICE SISTEM (ES)
...

Sheet ES
A1: Hasil Transfer Nilai Sementara
A2: Program Studi Sistem Informasi ITB STIKOM Bali
A4: Nama Calon Mhs | C4: =Proses!C4 -> : I Made Oka Mahendra | F4: Prodi | H4: =Proses!H4 -> :Sistem Informasi
A5: Asal PT/Univ. | C5: =Proses!C5 -> : ITB STIKOM Bali | F5: Jenjang | H5: =Proses!H5 -> :ReNIM
A6: Fakultas | C6: =Proses!C6 -> : - | F6: Tgl. Proses | H6: =Proses!H6 -> : 6 Juli 2021
A7: ="Total SKS yang ditransfer : "&D81&" SKS" -> Total SKS yang ditransfer : 38 SKS
A9: Matakuliah ITB STIKOM Bali | G9: Matakuliah Asal
A10: NO | B10: KODE | C10: MATA KULIAH | D10: SKS | E10: SKS Diakui | F10: Nilai | G10: KODE | H10: MATA KULIAH | I10: SKS | J10: Nilai
A11: SEMESTER 1
A12: 1 | B12: SI9105 | C12: Bahasa Inggris I | D12: 2 | E12: =IF(AND($G12<>"",$H12<>"",$I12<>"",$J12<>""),$D12,"") -> 2 | F12: =IF(AND($G12<>"",$H12<>"",$I12<>"",$J12<>""),$J12,"") -> AB | G12: =IF(AND(Proses!$G12<>"",Proses!$H12<>"",Proses!$I12<>"",Proses!$J12<>""),Proses!G12,"") -> SI9105 | H12: =IF(AND(Proses!$G12<>"",Proses!$H12<>"",Proses!$I12<>"",Proses!$J12<>""),Proses!H12,"") -> Bahasa Inggris I | I12: =IF(AND(Proses!$G12<>"",Proses!$H12<>"",Proses!$I12<>"",Proses!$J12<>""),Proses!I12,"") -> 2 | J12: =IF(AND(Proses!$G12<>"",Proses!$H12<>"",Proses!$I12<>"",Proses!$J12<>""),Proses!J12,"") -> AB
A13: 2 | B13: SI9208 | C13: Seni dan Budaya | D13: 2 | E13: =IF(AND($G13<>"",$H13<>"",$I13<>"",$J13<>""),$D13,"") -> 2 | F13: =IF(AND($G13<>"",$H13<>"",$I13<>"",$J13<>""),$J13,"") -> A | G13: =IF(AND(Proses!$G13<>"",Proses!$H13<>"",Proses!$I13<>"",Proses!$J13<>""),Proses!G13,"") -> SI9208 | H13: =IF(AND(Proses!$G13<>"",Proses!$H13<>"",Proses!$I13<>"",Proses!$J13<>""),Proses!H13,"") -> Seni Budaya | I13: =IF(AND(Proses!$G13<>"",Proses!$H13<>"",Proses!$I13<>"",Proses!$J13<>""),Proses!I13,"") -> 2 | J13: =IF(AND(Proses!$G13<>"",Proses!$H13<>"",Proses!$I13<>"",Proses!$J13<>""),Proses!J13,"") -> A
A14: 3 | B14: SI0201 | C14: Matematika Diskrit | D14: 4 | E14: =IF(AND($G14<>"",$H14<>"",$I14<>"",$J14<>""),$D14,"") -> 4 | F14: =IF(AND($G14<>"",$H14<>"",$I14<>"",$J14<>""),$J14,"") -> AB | G14: =IF(AND(Proses!$G14<>"",Proses!$H14<>"",Proses!$I14<>"",Proses!$J14<>""),Proses!G14,"") -> SI0201 | H14: =IF(AND(Proses!$G14<>"",Proses!$H14<>"",Proses!$I14<>"",Proses!$J14<>""),Proses!H14,"") -> Matematika Diskrit | I14: =IF(AND(Proses!$G14<>"",Proses!$H14<>"",Proses!$I14<>"",Proses!$J14<>""),Proses!I14,"") -> 4 | J14: =IF(AND(Proses!$G14<>"",Proses!$H14<>"",Proses!$I14<>"",Proses!$J14<>""),Proses!J14,"") -> AB
A15: 4 | B15: SI0202 | C15: Algoritma dan Pemrograman | D15: 2 | E15: =IF(AND($G15<>"",$H15<>"",$I15<>"",$J15<>""),$D15,"") -> 2 | F15: =IF(AND($G15<>"",$H15<>"",$I15<>"",$J15<>""),$J15,"") -> AB | G15: =IF(AND(Proses!$G15<>"",Proses!$H15<>"",Proses!$I15<>"",Proses!$J15<>""),Proses!G15,"") -> SI0202 | H15: =IF(AND(Proses!$G15<>"",Proses!$H15<>"",Proses!$I15<>"",Proses!$J15<>""),Proses!H15,"") -> Algoritma dan Pemrograman | I15: =IF(AND(Proses!$G15<>"",Proses!$H15<>"",Proses!$I15<>"",Proses!$J15<>""),Proses!I15,"") -> 2 | J15: =IF(AND(Proses!$G15<>"",Proses!$H15<>"",Proses!$I15<>"",Proses!$J15<>""),Proses!J15,"") -> AB
A16: 5 | B16: SI0304 | C16: Praktikum Algoritma dan Pemrograman | D16: 1 | E16: =IF(AND($G16<>"",$H16<>"",$I16<>"",$J16<>""),$D16,"") -> 1 | F16: =IF(AND($G16<>"",$H16<>"",$I16<>"",$J16<>""),$J16,"") -> AB | G16: =IF(AND(Proses!$G16<>"",Proses!$H16<>"",Proses!$I16<>"",Proses!$J16<>""),Proses!G16,"") -> SI0304 | H16: =IF(AND(Proses!$G16<>"",Proses!$H16<>"",Proses!$I16<>"",Proses!$J16<>""),Proses!H16,"") -> Praktikum Algoritma dan Pemrograman | I16: =IF(AND(Proses!$G16<>"",Proses!$H16<>"",Proses!$I16<>"",Proses!$J16<>""),Proses!I16,"") -> 1 | J16: =IF(AND(Proses!$G16<>"",Proses!$H16<>"",Proses!$I16<>"",Proses!$J16<>""),Proses!J16,"") -> AB
A17: 6 | B17: SI9203 | C17: Pengantar Teknologi Informasi | D17: 2 | E17: =IF(AND($G17<>"",$H17<>"",$I17<>"",$J17<>""),$D17,"") -> 2 | F17: =IF(AND($G17<>"",$H17<>"",$I17<>"",$J17<>""),$J17,"") -> AB | G17: =IF(AND(Proses!$G17<>"",Proses!$H17<>"",Proses!$I17<>"",Proses!$J17<>""),Proses!G17,"") -> SI9203 | H17: =IF(AND(Proses!$G17<>"",Proses!$H17<>"",Proses!$I17<>"",Proses!$J17<>""),Proses!H17,"") -> Pengantar Teknologi Informasi | I17: =IF(AND(Proses!$G17<>"",Proses!$H17<>"",Proses!$I17<>"",Proses!$J17<>""),Proses!I17,"") -> 2 | J17: =IF(AND(Proses!$G17<>"",Proses!$H17<>"",Proses!$I17<>"",Proses!$J17<>""),Proses!J17,"") -> AB
A18: 7 | B18: SI9301 | C18: Praktikum Pengantar Teknologi Informasi | D18: 1 | E18: =IF(AND($G18<>"",$H18<>"",$I18<>"",$J18<>""),$D18,"") -> 1 | F18: =IF(AND($G18<>"",$H18<>"",$I18<>"",$J18<>""),$J18,"") -> B | G18: =IF(AND(Proses!$G18<>"",Proses!$H18<>"",Proses!$I18<>"",Proses!$J18<>""),Proses!G18,"") -> SI9301 | H18: =IF(AND(Proses!$G18<>"",Proses!$H18<>"",Proses!$I18<>"",Proses!$J18<>""),Proses!H18,"") -> Praktikum Pengantar Teknologi Informasi | I18: =IF(AND(Proses!$G18<>"",Proses!$H18<>"",Proses!$I18<>"",Proses!$J18<>""),Proses!I18,"") -> 1 | J18: =IF(AND(Proses!$G18<>"",Proses!$H18<>"",Proses!$I18<>"",Proses!$J18<>""),Proses!J18,"") -> B
A19: 8 | B19: SI0102 | C19: Pancasila | D19: 2 | E19: =IF(AND($G19<>"",$H19<>"",$I19<>"",$J19<>""),$D19,"") -> 2 | F19: =IF(AND($G19<>"",$H19<>"",$I19<>"",$J19<>""),$J19,"") -> A | G19: =IF(AND(Proses!$G19<>"",Proses!$H19<>"",Proses!$I19<>"",Proses!$J19<>""),Proses!G19,"") -> SI0102 | H19: =IF(AND(Proses!$G19<>"",Proses!$H19<>"",Proses!$I19<>"",Proses!$J19<>""),Proses!H19,"") -> Pancasila | I19: =IF(AND(Proses!$G19<>"",Proses!$H19<>"",Proses!$I19<>"",Proses!$J19<>""),Proses!I19,"") -> 2 | J19: =IF(AND(Proses!$G19<>"",Proses!$H19<>"",Proses!$I19<>"",Proses!$J19<>""),Proses!J19,"") -> A
A20: 9 | B20: SI0221 | C20: Konsep dan Aplikasi Sistem Informasi | D20: 2 | E20: =IF(AND($G20<>"",$H20<>"",$I20<>"",$J20<>""),$D20,"") | F20: =IF(AND($G20<>"",$H20<>"",$I20<>"",$J20<>""),$J20,"") | G20: =IF(AND(Proses!$G20<>"",Proses!$H20<>"",Proses!$I20<>"",Proses!$J20<>""),Proses!G20,"") | H20: =IF(AND(Proses!$G20<>"",Proses!$H20<>"",Proses!$I20<>"",Proses!$J20<>""),Proses!H20,"") | I20: =IF(AND(Proses!$G20<>"",Proses!$H20<>"",Proses!$I20<>"",Proses!$J20<>""),Proses!I20,"") | J20: =IF(AND(Proses!$G20<>"",Proses!$H20<>"",Proses!$I20<>"",Proses!$J20<>""),Proses!J20,"")
A21: Total SKS | D21: =SUM(D12:D20) -> 18 | E21: =IF(Proses!E21 <>"",Proses!E21,"") -> 16 | F21: =IF(Proses!F21 <>"",Proses!F21,"") | G21: =IF(Proses!G21 <>"",Proses!G21,"") | H21: =IF(Proses!H21 <>"",Proses!H21,"") | I21: =IF(Proses!I21 <>"",Proses!I21,"") | J21: =IF(Proses!J21 <>"",Proses!J21,"")
A22: SEMESTER 2 | E22: =IF(Proses!E22 <>"",Proses!E22,"") | F22: =IF(Proses!F22 <>"",Proses!F22,"") | G22: =IF(Proses!G22 <>"",Proses!G22,"") | H22: =IF(Proses!H22 <>"",Proses!H22,"") | I22: =IF(Proses!I22 <>"",Proses!I22,"") | J22: =IF(Proses!J22 <>"",Proses!J22,"")
A23: 1 | B23: SI0204 | C23: Komunikasi Data | D23: 4 | E23: =IF(AND($G23<>"",$H23<>"",$I23<>"",$J23<>""),$D23,"") -> 4 | F23: =IF(AND($G23<>"",$H23<>"",$I23<>"",$J23<>""),$J23,"") -> C | G23: =IF(AND(Proses!$G23<>"",Proses!$H23<>"",Proses!$I23<>"",Proses!$J23<>""),Proses!G23,"") -> SI0204 | H23: =IF(AND(Proses!$G23<>"",Proses!$H23<>"",Proses!$I23<>"",Proses!$J23<>""),Proses!H23,"") -> Komunikasi Data | I23: =IF(AND(Proses!$G23<>"",Proses!$H23<>"",Proses!$I23<>"",Proses!$J23<>""),Proses!I23,"") -> 4 | J23: =IF(AND(Proses!$G23<>"",Proses!$H23<>"",Proses!$I23<>"",Proses!$J23<>""),Proses!J23,"") -> C
A24: 2 | B24: SI0205 | C24: Basis Data | D24: 2 | E24: =IF(AND($G24<>"",$H24<>"",$I24<>"",$J24<>""),$D24,"") -> 2 | F24: =IF(AND($G24<>"",$H24<>"",$I24<>"",$J24<>""),$J24,"") -> B | G24: =IF(AND(Proses!$G24<>"",Proses!$H24<>"",Proses!$I24<>"",Proses!$J24<>""),Proses!G24,"") -> SI0205 | H24: =IF(AND(Proses!$G24<>"",Proses!$H24<>"",Proses!$I24<>"",Proses!$J24<>""),Proses!H24,"") -> Basis Data | I24: =IF(AND(Proses!$G24<>"",Proses!$H24<>"",Proses!$I24<>"",Proses!$J24<>""),Proses!I24,"") -> 2 | J24: =IF(AND(Proses!$G24<>"",Proses!$H24<>"",Proses!$I24<>"",Proses!$J24<>""),Proses!J24,"") -> B
A25: 3 | B25: SI0302 | C25: Praktikum Basis data | D25: 1 | E25: =IF(AND($G25<>"",$H25<>"",$I25<>"",$J25<>""),$D25,"") | F25: =IF(AND($G25<>"",$H25<>"",$I25<>"",$J25<>""),$J25,"") | G25: =IF(AND(Proses!$G25<>"",Proses!$H25<>"",Proses!$I25<>"",Proses!$J25<>""),Proses!G25,"") | H25: =IF(AND(Proses!$G25<>"",Proses!$H25<>"",Proses!$I25<>"",Proses!$J25<>""),Proses!H25,"") | I25: =IF(AND(Proses!$G25<>"",Proses!$H25<>"",Proses!$I25<>"",Proses!$J25<>""),Proses!I25,"") | J25: =IF(AND(Proses!$G25<>"",Proses!$H25<>"",Proses!$I25<>"",Proses!$J25<>""),Proses!J25,"")
A26: 4 | B26: SI0206 | C26: Struktur Data | D26: 2 | E26: =IF(AND($G26<>"",$H26<>"",$I26<>"",$J26<>""),$D26,"") -> 2 | F26: =IF(AND($G26<>"",$H26<>"",$I26<>"",$J26<>""),$J26,"") -> A | G26: =IF(AND(Proses!$G26<>"",Proses!$H26<>"",Proses!$I26<>"",Proses!$J26<>""),Proses!G26,"") -> SI0206 | H26: =IF(AND(Proses!$G26<>"",Proses!$H26<>"",Proses!$I26<>"",Proses!$J26<>""),Proses!H26,"") -> Struktur Data | I26: =IF(AND(Proses!$G26<>"",Proses!$H26<>"",Proses!$I26<>"",Proses!$J26<>""),Proses!I26,"") -> 2 | J26: =IF(AND(Proses!$G26<>"",Proses!$H26<>"",Proses!$I26<>"",Proses!$J26<>""),Proses!J26,"") -> A
A27: 5 | B27: SI0303 | C27: Praktikum Struktur Data | D27: 1 | E27: =IF(AND($G27<>"",$H27<>"",$I27<>"",$J27<>""),$D27,"") -> 1 | F27: =IF(AND($G27<>"",$H27<>"",$I27<>"",$J27<>""),$J27,"") -> C | G27: =IF(AND(Proses!$G27<>"",Proses!$H27<>"",Proses!$I27<>"",Proses!$J27<>""),Proses!G27,"") -> SI0303 | H27: =IF(AND(Proses!$G27<>"",Proses!$H27<>"",Proses!$I27<>"",Proses!$J27<>""),Proses!H27,"") -> Praktikum Struktur Data | I27: =IF(AND(Proses!$G27<>"",Proses!$H27<>"",Proses!$I27<>"",Proses!$J27<>""),Proses!I27,"") -> 1 | J27: =IF(AND(Proses!$G27<>"",Proses!$H27<>"",Proses!$I27<>"",Proses!$J27<>""),Proses!J27,"") -> C
A28: 6 | B28: SI9207 | C28: Organisasi Komputer | D28: 2 | E28: =IF(AND($G28<>"",$H28<>"",$I28<>"",$J28<>""),$D28,"") -> 2 | F28: =IF(AND($G28<>"",$H28<>"",$I28<>"",$J28<>""),$J28,"") -> C | G28: =IF(AND(Proses!$G28<>"",Proses!$H28<>"",Proses!$I28<>"",Proses!$J28<>""),Proses!G28,"") -> SI9207 | H28: =IF(AND(Proses!$G28<>"",Proses!$H28<>"",Proses!$I28<>"",Proses!$J28<>""),Proses!H28,"") -> Organisasi Komputer | I28: =IF(AND(Proses!$G28<>"",Proses!$H28<>"",Proses!$I28<>"",Proses!$J28<>""),Proses!I28,"") -> 2 | J28: =IF(AND(Proses!$G28<>"",Proses!$H28<>"",Proses!$I28<>"",Proses!$J28<>""),Proses!J28,"") -> C
A29: 7 | B29: SI9106 | C29: Bahasa Inggris II | D29: 2 | E29: =IF(AND($G29<>"",$H29<>"",$I29<>"",$J29<>""),$D29,"") | F29: =IF(AND($G29<>"",$H29<>"",$I29<>"",$J29<>""),$J29,"") | G29: =IF(AND(Proses!$G29<>"",Proses!$H29<>"",Proses!$I29<>"",Proses!$J29<>""),Proses!G29,"") | H29: =IF(AND(Proses!$G29<>"",Proses!$H29<>"",Proses!$I29<>"",Proses!$J29<>""),Proses!H29,"") | I29: =IF(AND(Proses!$G29<>"",Proses!$H29<>"",Proses!$I29<>"",Proses!$J29<>""),Proses!I29,"") | J29: =IF(AND(Proses!$G29<>"",Proses!$H29<>"",Proses!$I29<>"",Proses!$J29<>""),Proses!J29,"")
A30: 8 | B30: SI0103 | C30: Kewarganegaraan | D30: 2 | E30: =IF(AND($G30<>"",$H30<>"",$I30<>"",$J30<>""),$D30,"") | F30: =IF(AND($G30<>"",$H30<>"",$I30<>"",$J30<>""),$J30,"") | G30: =IF(AND(Proses!$G30<>"",Proses!$H30<>"",Proses!$I30<>"",Proses!$J30<>""),Proses!G30,"") | H30: =IF(AND(Proses!$G30<>"",Proses!$H30<>"",Proses!$I30<>"",Proses!$J30<>""),Proses!H30,"") | I30: =IF(AND(Proses!$G30<>"",Proses!$H30<>"",Proses!$I30<>"",Proses!$J30<>""),Proses!I30,"") | J30: =IF(AND(Proses!$G30<>"",Proses!$H30<>"",Proses!$I30<>"",Proses!$J30<>""),Proses!J30,"")
A31: 9 | B31: SI0101 | C31: Pendidikan Agama | D31: 2 | E31: =IF(AND($G31<>"",$H31<>"",$I31<>"",$J31<>""),$D31,"") | F31: =IF(AND($G31<>"",$H31<>"",$I31<>"",$J31<>""),$J31,"") | G31: =IF(AND(Proses!$G31<>"",Proses!$H31<>"",Proses!$I31<>"",Proses!$J31<>""),Proses!G31,"") | H31: =IF(AND(Proses!$G31<>"",Proses!$H31<>"",Proses!$I31<>"",Proses!$J31<>""),Proses!H31,"") | I31: =IF(AND(Proses!$G31<>"",Proses!$H31<>"",Proses!$I31<>"",Proses!$J31<>""),Proses!I31,"") | J31: =IF(AND(Proses!$G31<>"",Proses!$H31<>"",Proses!$I31<>"",Proses!$J31<>""),Proses!J31,"")
A32: Total SKS | D32: =SUM(D23:D31) -> 18 | E32: =IF(Proses!E32 <>"",Proses!E32,"") -> 11 | F32: =IF(Proses!F32 <>"",Proses!F32,"") | G32: =IF(Proses!G32 <>"",Proses!G32,"") | H32: =IF(Proses!H32 <>"",Proses!H32,"") | I32: =IF(Proses!I32 <>"",Proses!I32,"") | J32: =IF(Proses!J32 <>"",Proses!J32,"")
A33: SEMESTER 3 | E33: =IF(Proses!E33 <>"",Proses!E33,"") | F33: =IF(Proses!F33 <>"",Proses!F33,"") | G33: =IF(Proses!G33 <>"",Proses!G33,"") | H33: =IF(Proses!H33 <>"",Proses!H33,"") | I33: =IF(Proses!I33 <>"",Proses!I33,"") | J33: =IF(Proses!J33 <>"",Proses!J33,"")
A34: 1 | B34: SI0209 | C34: Jaringan Komputer | D34: 2 | E34: =IF(AND($G34<>"",$H34<>"",$I34<>"",$J34<>""),$D34,"") -> 2 | F34: =IF(AND($G34<>"",$H34<>"",$I34<>"",$J34<>""),$J34,"") -> BC | G34: =IF(AND(Proses!$G34<>"",Proses!$H34<>"",Proses!$I34<>"",Proses!$J34<>""),Proses!G34,"") -> SI0209 | H34: =IF(AND(Proses!$G34<>"",Proses!$H34<>"",Proses!$I34<>"",Proses!$J34<>""),Proses!H34,"") -> Jaringan Komputer | I34: =IF(AND(Proses!$G34<>"",Proses!$H34<>"",Proses!$I34<>"",Proses!$J34<>""),Proses!I34,"") -> 2 | J34: =IF(AND(Proses!$G34<>"",Proses!$H34<>"",Proses!$I34<>"",Proses!$J34<>""),Proses!J34,"") -> BC
A35: 2 | B35: SI0305 | C35: Praktikum Jaringan Komputer | D35: 1 | E35: =IF(AND($G35<>"",$H35<>"",$I35<>"",$J35<>""),$D35,"") -> 1 | F35: =IF(AND($G35<>"",$H35<>"",$I35<>"",$J35<>""),$J35,"") -> AB | G35: =IF(AND(Proses!$G35<>"",Proses!$H35<>"",Proses!$I35<>"",Proses!$J35<>""),Proses!G35,"") -> SI0305 | H35: =IF(AND(Proses!$G35<>"",Proses!$H35<>"",Proses!$I35<>"",Proses!$J35<>""),Proses!H35,"") -> Praktikum Jaringan Komputer | I35: =IF(AND(Proses!$G35<>"",Proses!$H35<>"",Proses!$I35<>"",Proses!$J35<>""),Proses!I35,"") -> 1 | J35: =IF(AND(Proses!$G35<>"",Proses!$H35<>"",Proses!$I35<>"",Proses!$J35<>""),Proses!J35,"") -> AB
A36: 3 | B36: SI0306 | C36: Perancangan Web | D36: 4 | E36: =IF(AND($G36<>"",$H36<>"",$I36<>"",$J36<>""),$D36,"") -> 4 | F36: =IF(AND($G36<>"",$H36<>"",$I36<>"",$J36<>""),$J36,"") -> BC | G36: =IF(AND(Proses!$G36<>"",Proses!$H36<>"",Proses!$I36<>"",Proses!$J36<>""),Proses!G36,"") -> SI0306 | H36: =IF(AND(Proses!$G36<>"",Proses!$H36<>"",Proses!$I36<>"",Proses!$J36<>""),Proses!H36,"") -> Perancangan Web | I36: =IF(AND(Proses!$G36<>"",Proses!$H36<>"",Proses!$I36<>"",Proses!$J36<>""),Proses!I36,"") -> 4 | J36: =IF(AND(Proses!$G36<>"",Proses!$H36<>"",Proses!$I36<>"",Proses!$J36<>""),Proses!J36,"") -> BC
A37: 4 | B37: SI0211 | C37: Analisis dan Perancangan Sistem | D37: 4 | E37: =IF(AND($G37<>"",$H37<>"",$I37<>"",$J37<>""),$D37,"") | F37: =IF(AND($G37<>"",$H37<>"",$I37<>"",$J37<>""),$J37,"") | G37: =IF(AND(Proses!$G37<>"",Proses!$H37<>"",Proses!$I37<>"",Proses!$J37<>""),Proses!G37,"") | H37: =IF(AND(Proses!$G37<>"",Proses!$H37<>"",Proses!$I37<>"",Proses!$J37<>""),Proses!H37,"") | I37: =IF(AND(Proses!$G37<>"",Proses!$H37<>"",Proses!$I37<>"",Proses!$J37<>""),Proses!I37,"") | J37: =IF(AND(Proses!$G37<>"",Proses!$H37<>"",Proses!$I37<>"",Proses!$J37<>""),Proses!J37,"")
A38: 5 | B38: SI0307 | C38: Pemrograman Berorientasi Obyek | D38: 4 | E38: =IF(AND($G38<>"",$H38<>"",$I38<>"",$J38<>""),$D38,"") | F38: =IF(AND($G38<>"",$H38<>"",$I38<>"",$J38<>""),$J38,"") | G38: =IF(AND(Proses!$G38<>"",Proses!$H38<>"",Proses!$I38<>"",Proses!$J38<>""),Proses!G38,"") | H38: =IF(AND(Proses!$G38<>"",Proses!$H38<>"",Proses!$I38<>"",Proses!$J38<>""),Proses!H38,"") | I38: =IF(AND(Proses!$G38<>"",Proses!$H38<>"",Proses!$I38<>"",Proses!$J38<>""),Proses!I38,"") | J38: =IF(AND(Proses!$G38<>"",Proses!$H38<>"",Proses!$I38<>"",Proses!$J38<>""),Proses!J38,"")
A39: 6 | B39: SI0213 | C39: Sistem Operasi | D39: 2 | E39: =IF(AND($G39<>"",$H39<>"",$I39<>"",$J39<>""),$D39,"") | F39: =IF(AND($G39<>"",$H39<>"",$I39<>"",$J39<>""),$J39,"") | G39: =IF(AND(Proses!$G39<>"",Proses!$H39<>"",Proses!$I39<>"",Proses!$J39<>""),Proses!G39,"") | H39: =IF(AND(Proses!$G39<>"",Proses!$H39<>"",Proses!$I39<>"",Proses!$J39<>""),Proses!H39,"") | I39: =IF(AND(Proses!$G39<>"",Proses!$H39<>"",Proses!$I39<>"",Proses!$J39<>""),Proses!I39,"") | J39: =IF(AND(Proses!$G39<>"",Proses!$H39<>"",Proses!$I39<>"",Proses!$J39<>""),Proses!J39,"")
A40: 7 | B40: SI0217 | C40: Kalkulus | D40: 2 | E40: =IF(AND($G40<>"",$H40<>"",$I40<>"",$J40<>""),$D40,"") | F40: =IF(AND($G40<>"",$H40<>"",$I40<>"",$J40<>""),$J40,"") | G40: =IF(AND(Proses!$G40<>"",Proses!$H40<>"",Proses!$I40<>"",Proses!$J40<>""),Proses!G40,"") | H40: =IF(AND(Proses!$G40<>"",Proses!$H40<>"",Proses!$I40<>"",Proses!$J40<>""),Proses!H40,"") | I40: =IF(AND(Proses!$G40<>"",Proses!$H40<>"",Proses!$I40<>"",Proses!$J40<>""),Proses!I40,"") | J40: =IF(AND(Proses!$G40<>"",Proses!$H40<>"",Proses!$I40<>"",Proses!$J40<>""),Proses!J40,"")
A41: Total SKS | D41: =SUM(D34:D40) -> 19 | E41: =IF(Proses!E41 <>"",Proses!E41,"") -> 7 | F41: =IF(Proses!F41 <>"",Proses!F41,"") | G41: =IF(Proses!G41 <>"",Proses!G41,"") | H41: =IF(Proses!H41 <>"",Proses!H41,"") | I41: =IF(Proses!I41 <>"",Proses!I41,"") | J41: =IF(Proses!J41 <>"",Proses!J41,"")
A42: SEMESTER 4 | E42: =IF(Proses!E42 <>"",Proses!E42,"") | F42: =IF(Proses!F42 <>"",Proses!F42,"") | G42: =IF(Proses!G42 <>"",Proses!G42,"") | H42: =IF(Proses!H42 <>"",Proses!H42,"") | I42: =IF(Proses!I42 <>"",Proses!I42,"") | J42: =IF(Proses!J42 <>"",Proses!J42,"")
A43: 1 | B43: SI9251 | C43: Akuntansi | D43: 2 | E43: =IF(AND($G43<>"",$H43<>"",$I43<>"",$J43<>""),$D43,"") | F43: =IF(AND($G43<>"",$H43<>"",$I43<>"",$J43<>""),$J43,"") | G43: =IF(AND(Proses!$G43<>"",Proses!$H43<>"",Proses!$I43<>"",Proses!$J43<>""),Proses!G43,"") | H43: =IF(AND(Proses!$G43<>"",Proses!$H43<>"",Proses!$I43<>"",Proses!$J43<>""),Proses!H43,"") | I43: =IF(AND(Proses!$G43<>"",Proses!$H43<>"",Proses!$I43<>"",Proses!$J43<>""),Proses!I43,"") | J43: =IF(AND(Proses!$G43<>"",Proses!$H43<>"",Proses!$I43<>"",Proses!$J43<>""),Proses!J43,"")
A44: 2 | B44: SI9501 | C44: Komunikasi Bisnis | D44: 2 | E44: =IF(AND($G44<>"",$H44<>"",$I44<>"",$J44<>""),$D44,"") | F44: =IF(AND($G44<>"",$H44<>"",$I44<>"",$J44<>""),$J44,"") | G44: =IF(AND(Proses!$G44<>"",Proses!$H44<>"",Proses!$I44<>"",Proses!$J44<>""),Proses!G44,"") | H44: =IF(AND(Proses!$G44<>"",Proses!$H44<>"",Proses!$I44<>"",Proses!$J44<>""),Proses!H44,"") | I44: =IF(AND(Proses!$G44<>"",Proses!$H44<>"",Proses!$I44<>"",Proses!$J44<>""),Proses!I44,"") | J44: =IF(AND(Proses!$G44<>"",Proses!$H44<>"",Proses!$I44<>"",Proses!$J44<>""),Proses!J44,"")
A45: 3 | B45: SI9215 | C45: Interaksi Manusia dan Komputer | D45: 2 | E45: =IF(AND($G45<>"",$H45<>"",$I45<>"",$J45<>""),$D45,"") | F45: =IF(AND($G45<>"",$H45<>"",$I45<>"",$J45<>""),$J45,"") | G45: =IF(AND(Proses!$G45<>"",Proses!$H45<>"",Proses!$I45<>"",Proses!$J45<>""),Proses!G45,"") | H45: =IF(AND(Proses!$G45<>"",Proses!$H45<>"",Proses!$I45<>"",Proses!$J45<>""),Proses!H45,"") | I45: =IF(AND(Proses!$G45<>"",Proses!$H45<>"",Proses!$I45<>"",Proses!$J45<>""),Proses!I45,"") | J45: =IF(AND(Proses!$G45<>"",Proses!$H45<>"",Proses!$I45<>"",Proses!$J45<>""),Proses!J45,"")
A46: 4 | B46: SI0104 | C46: Bahasa Indonesia | D46: 2 | E46: =IF(AND($G46<>"",$H46<>"",$I46<>"",$J46<>""),$D46,"") | F46: =IF(AND($G46<>"",$H46<>"",$I46<>"",$J46<>""),$J46,"") | G46: =IF(AND(Proses!$G46<>"",Proses!$H46<>"",Proses!$I46<>"",Proses!$J46<>""),Proses!G46,"") | H46: =IF(AND(Proses!$G46<>"",Proses!$H46<>"",Proses!$I46<>"",Proses!$J46<>""),Proses!H46,"") | I46: =IF(AND(Proses!$G46<>"",Proses!$H46<>"",Proses!$I46<>"",Proses!$J46<>""),Proses!I46,"") | J46: =IF(AND(Proses!$G46<>"",Proses!$H46<>"",Proses!$I46<>"",Proses!$J46<>""),Proses!J46,"")
A47: 5 | B47: SI9308 | C47: Pemrograman Web | D47: 4 | E47: =IF(AND($G47<>"",$H47<>"",$I47<>"",$J47<>""),$D47,"") | F47: =IF(AND($G47<>"",$H47<>"",$I47<>"",$J47<>""),$J47,"") | G47: =IF(AND(Proses!$G47<>"",Proses!$H47<>"",Proses!$I47<>"",Proses!$J47<>""),Proses!G47,"") | H47: =IF(AND(Proses!$G47<>"",Proses!$H47<>"",Proses!$I47<>"",Proses!$J47<>""),Proses!H47,"") | I47: =IF(AND(Proses!$G47<>"",Proses!$H47<>"",Proses!$I47<>"",Proses!$J47<>""),Proses!I47,"") | J47: =IF(AND(Proses!$G47<>"",Proses!$H47<>"",Proses!$I47<>"",Proses!$J47<>""),Proses!J47,"")
A48: 6 | B48: SI0212 | C48: Pemodelan Berorientasi Obyek | D48: 4 | E48: =IF(AND($G48<>"",$H48<>"",$I48<>"",$J48<>""),$D48,"") | F48: =IF(AND($G48<>"",$H48<>"",$I48<>"",$J48<>""),$J48,"") | G48: =IF(AND(Proses!$G48<>"",Proses!$H48<>"",Proses!$I48<>"",Proses!$J48<>""),Proses!G48,"") | H48: =IF(AND(Proses!$G48<>"",Proses!$H48<>"",Proses!$I48<>"",Proses!$J48<>""),Proses!H48,"") | I48: =IF(AND(Proses!$G48<>"",Proses!$H48<>"",Proses!$I48<>"",Proses!$J48<>""),Proses!I48,"") | J48: =IF(AND(Proses!$G48<>"",Proses!$H48<>"",Proses!$I48<>"",Proses!$J48<>""),Proses!J48,"")
A49: 7 | B49: SI9218 | C49: Mobile Programming | D49: 4 | E49: =IF(AND($G49<>"",$H49<>"",$I49<>"",$J49<>""),$D49,"") | F49: =IF(AND($G49<>"",$H49<>"",$I49<>"",$J49<>""),$J49,"") | G49: =IF(AND(Proses!$G49<>"",Proses!$H49<>"",Proses!$I49<>"",Proses!$J49<>""),Proses!G49,"") | H49: =IF(AND(Proses!$G49<>"",Proses!$H49<>"",Proses!$I49<>"",Proses!$J49<>""),Proses!H49,"") | I49: =IF(AND(Proses!$G49<>"",Proses!$H49<>"",Proses!$I49<>"",Proses!$J49<>""),Proses!I49,"") | J49: =IF(AND(Proses!$G49<>"",Proses!$H49<>"",Proses!$I49<>"",Proses!$J49<>""),Proses!J49,"")
A50: Total SKS | D50: =SUM(D43:D49) -> 20 | E50: =IF(Proses!E50 <>"",Proses!E50,"") -> 0 | F50: =IF(Proses!F50 <>"",Proses!F50,"") | G50: =IF(Proses!G50 <>"",Proses!G50,"") | H50: =IF(Proses!H50 <>"",Proses!H50,"") | I50: =IF(Proses!I50 <>"",Proses!I50,"") | J50: =IF(Proses!J50 <>"",Proses!J50,"")
A51: SEMESTER 5 ENTERPRICE SISTEM (ES)
A52: 1 | B52: SI9216 | C52: Metodologi Penulisan Ilmiah | D52: 2 | E52: =IF(AND($G52<>"",$H52<>"",$I52<>"",$J52<>""),$D52,"") | F52: =IF(AND($G52<>"",$H52<>"",$I52<>"",$J52<>""),$J52,"") | G52: =IF(AND(Proses!$G52<>"",Proses!$H52<>"",Proses!$I52<>"",Proses!$J52<>""),Proses!G52,"") | H52: =IF(AND(Proses!$G52<>"",Proses!$H52<>"",Proses!$I52<>"",Proses!$J52<>""),Proses!H52,"") | I52: =IF(AND(Proses!$G52<>"",Proses!$H52<>"",Proses!$I52<>"",Proses!$J52<>""),Proses!I52,"") | J52: =IF(AND(Proses!$G52<>"",Proses!$H52<>"",Proses!$I52<>"",Proses!$J52<>""),Proses!J52,"")
A53: 2 | B53: SI9252 | C53: Cloud Computing | D53: 4 | E53: =IF(AND($G53<>"",$H53<>"",$I53<>"",$J53<>""),$D53,"") | F53: =IF(AND($G53<>"",$H53<>"",$I53<>"",$J53<>""),$J53,"") | G53: =IF(AND(Proses!$G53<>"",Proses!$H53<>"",Proses!$I53<>"",Proses!$J53<>""),Proses!G53,"") | H53: =IF(AND(Proses!$G53<>"",Proses!$H53<>"",Proses!$I53<>"",Proses!$J53<>""),Proses!H53,"") | I53: =IF(AND(Proses!$G53<>"",Proses!$H53<>"",Proses!$I53<>"",Proses!$J53<>""),Proses!I53,"") | J53: =IF(AND(Proses!$G53<>"",Proses!$H53<>"",Proses!$I53<>"",Proses!$J53<>""),Proses!J53,"")
A54: 3 | B54: SI0210 | C54: Rekayasa Perangkat Lunak | D54: 4 | E54: =IF(AND($G54<>"",$H54<>"",$I54<>"",$J54<>""),$D54,"") | F54: =IF(AND($G54<>"",$H54<>"",$I54<>"",$J54<>""),$J54,"") | G54: =IF(AND(Proses!$G54<>"",Proses!$H54<>"",Proses!$I54<>"",Proses!$J54<>""),Proses!G54,"") | H54: =IF(AND(Proses!$G54<>"",Proses!$H54<>"",Proses!$I54<>"",Proses!$J54<>""),Proses!H54,"") | I54: =IF(AND(Proses!$G54<>"",Proses!$H54<>"",Proses!$I54<>"",Proses!$J54<>""),Proses!I54,"") | J54: =IF(AND(Proses!$G54<>"",Proses!$H54<>"",Proses!$I54<>"",Proses!$J54<>""),Proses!J54,"")
A55: 4 | B55: SI9351 | C55: Pemrograman Visual | D55: 4 | E55: =IF(AND($G55<>"",$H55<>"",$I55<>"",$J55<>""),$D55,"") | F55: =IF(AND($G55<>"",$H55<>"",$I55<>"",$J55<>""),$J55,"") | G55: =IF(AND(Proses!$G55<>"",Proses!$H55<>"",Proses!$I55<>"",Proses!$J55<>""),Proses!G55,"") | H55: =IF(AND(Proses!$G55<>"",Proses!$H55<>"",Proses!$I55<>"",Proses!$J55<>""),Proses!H55,"") | I55: =IF(AND(Proses!$G55<>"",Proses!$H55<>"",Proses!$I55<>"",Proses!$J55<>""),Proses!I55,"") | J55: =IF(AND(Proses!$G55<>"",Proses!$H55<>"",Proses!$I55<>"",Proses!$J55<>""),Proses!J55,"")
A56: 5 | B56: SI9241 | C56: Statistik | D56: 2 | E56: =IF(AND($G56<>"",$H56<>"",$I56<>"",$J56<>""),$D56,"") | F56: =IF(AND($G56<>"",$H56<>"",$I56<>"",$J56<>""),$J56,"") | G56: =IF(AND(Proses!$G56<>"",Proses!$H56<>"",Proses!$I56<>"",Proses!$J56<>""),Proses!G56,"") | H56: =IF(AND(Proses!$G56<>"",Proses!$H56<>"",Proses!$I56<>"",Proses!$J56<>""),Proses!H56,"") | I56: =IF(AND(Proses!$G56<>"",Proses!$H56<>"",Proses!$I56<>"",Proses!$J56<>""),Proses!I56,"") | J56: =IF(AND(Proses!$G56<>"",Proses!$H56<>"",Proses!$I56<>"",Proses!$J56<>""),Proses!J56,"")
A57: 6 | B57: SI9357 | C57: Enterprise Architecture | D57: 2 | E57: =IF(AND($G57<>"",$H57<>"",$I57<>"",$J57<>""),$D57,"") | F57: =IF(AND($G57<>"",$H57<>"",$I57<>"",$J57<>""),$J57,"") | G57: =IF(AND(Proses!$G57<>"",Proses!$H57<>"",Proses!$I57<>"",Proses!$J57<>""),Proses!G57,"") | H57: =IF(AND(Proses!$G57<>"",Proses!$H57<>"",Proses!$I57<>"",Proses!$J57<>""),Proses!H57,"") | I57: =IF(AND(Proses!$G57<>"",Proses!$H57<>"",Proses!$I57<>"",Proses!$J57<>""),Proses!I57,"") | J57: =IF(AND(Proses!$G57<>"",Proses!$H57<>"",Proses!$I57<>"",Proses!$J57<>""),Proses!J57,"")
A58: 7 | B58: SI9220 | C58: User Experience | D58: 2 | E58: =IF(AND($G58<>"",$H58<>"",$I58<>"",$J58<>""),$D58,"") | F58: =IF(AND($G58<>"",$H58<>"",$I58<>"",$J58<>""),$J58,"") | G58: =IF(AND(Proses!$G58<>"",Proses!$H58<>"",Proses!$I58<>"",Proses!$J58<>""),Proses!G58,"") | H58: =IF(AND(Proses!$G58<>"",Proses!$H58<>"",Proses!$I58<>"",Proses!$J58<>""),Proses!H58,"") | I58: =IF(AND(Proses!$G58<>"",Proses!$H58<>"",Proses!$I58<>"",Proses!$J58<>""),Proses!I58,"") | J58: =IF(AND(Proses!$G58<>"",Proses!$H58<>"",Proses!$I58<>"",Proses!$J58<>""),Proses!J58,"")
A59: Total SKS | D59: =SUM(D52:D58) -> 20 | E59: =SUM(E52:E58) -> 0
A60: SEMESTER 6 ENTERPRICE SISTEM (ES)
A61: 1 | B61: SI9254 | C61: Information System Security | D61: 4 | E61: =IF(AND($G61<>"",$H61<>"",$I61<>"",$J61<>""),$D61,"") | F61: =IF(AND($G61<>"",$H61<>"",$I61<>"",$J61<>""),$J61,"") | G61: =IF(AND(Proses!$G79<>"",Proses!$H79<>"",Proses!$I79<>"",Proses!$J79<>""),Proses!G79,"") | H61: =IF(AND(Proses!$G79<>"",Proses!$H79<>"",Proses!$I79<>"",Proses!$J79<>""),Proses!H79,"") | I61: =IF(AND(Proses!$G79<>"",Proses!$H79<>"",Proses!$I79<>"",Proses!$J79<>""),Proses!I79,"") | J61: =IF(AND(Proses!$G79<>"",Proses!$H79<>"",Proses!$I79<>"",Proses!$J79<>""),Proses!J79,"")
A62: 2 | B62: SI9253 | C62: Sistem Informasi Geografis | D62: 4 | E62: =IF(AND($G62<>"",$H62<>"",$I62<>"",$J62<>""),$D62,"") | F62: =IF(AND($G62<>"",$H62<>"",$I62<>"",$J62<>""),$J62,"") | G62: =IF(AND(Proses!$G80<>"",Proses!$H80<>"",Proses!$I80<>"",Proses!$J80<>""),Proses!G80,"") | H62: =IF(AND(Proses!$G80<>"",Proses!$H80<>"",Proses!$I80<>"",Proses!$J80<>""),Proses!H80,"") | I62: =IF(AND(Proses!$G80<>"",Proses!$H80<>"",Proses!$I80<>"",Proses!$J80<>""),Proses!I80,"") | J62: =IF(AND(Proses!$G80<>"",Proses!$H80<>"",Proses!$I80<>"",Proses!$J80<>""),Proses!J80,"")
A63: 3 | B63: SI9242 | C63: IT Governance | D63: 2 | E63: =IF(AND($G63<>"",$H63<>"",$I63<>"",$J63<>""),$D63,"") | F63: =IF(AND($G63<>"",$H63<>"",$I63<>"",$J63<>""),$J63,"") | G63: =IF(AND(Proses!$G81<>"",Proses!$H81<>"",Proses!$I81<>"",Proses!$J81<>""),Proses!G81,"") | H63: =IF(AND(Proses!$G81<>"",Proses!$H81<>"",Proses!$I81<>"",Proses!$J81<>""),Proses!H81,"") | I63: =IF(AND(Proses!$G81<>"",Proses!$H81<>"",Proses!$I81<>"",Proses!$J81<>""),Proses!I81,"") | J63: =IF(AND(Proses!$G81<>"",Proses!$H81<>"",Proses!$I81<>"",Proses!$J81<>""),Proses!J81,"")
A64: 4 | B64: SI0356 | C64: Sistem Informasi Akuntansi | D64: 2 | E64: =IF(AND($G64<>"",$H64<>"",$I64<>"",$J64<>""),$D64,"") | F64: =IF(AND($G64<>"",$H64<>"",$I64<>"",$J64<>""),$J64,"") | G64: =IF(AND(Proses!$G82<>"",Proses!$H82<>"",Proses!$I82<>"",Proses!$J82<>""),Proses!G82,"") | H64: =IF(AND(Proses!$G82<>"",Proses!$H82<>"",Proses!$I82<>"",Proses!$J82<>""),Proses!H82,"") | I64: =IF(AND(Proses!$G82<>"",Proses!$H82<>"",Proses!$I82<>"",Proses!$J82<>""),Proses!I82,"") | J64: =IF(AND(Proses!$G82<>"",Proses!$H82<>"",Proses!$I82<>"",Proses!$J82<>""),Proses!J82,"")
A65: 5 | B65: SI9558 | C65: ERP | D65: 4 | E65: =IF(AND($G65<>"",$H65<>"",$I65<>"",$J65<>""),$D65,"") | F65: =IF(AND($G65<>"",$H65<>"",$I65<>"",$J65<>""),$J65,"") | G65: =IF(AND(Proses!$G83<>"",Proses!$H83<>"",Proses!$I83<>"",Proses!$J83<>""),Proses!G83,"") | H65: =IF(AND(Proses!$G83<>"",Proses!$H83<>"",Proses!$I83<>"",Proses!$J83<>""),Proses!H83,"") | I65: =IF(AND(Proses!$G83<>"",Proses!$H83<>"",Proses!$I83<>"",Proses!$J83<>""),Proses!I83,"") | J65: =IF(AND(Proses!$G83<>"",Proses!$H83<>"",Proses!$I83<>"",Proses!$J83<>""),Proses!J83,"")
A66: 6 | B66: SI9271 | C66: Supply Chain Management | D66: 4 | E66: =IF(AND($G66<>"",$H66<>"",$I66<>"",$J66<>""),$D66,"") | F66: =IF(AND($G66<>"",$H66<>"",$I66<>"",$J66<>""),$J66,"") | G66: =IF(AND(Proses!$G84<>"",Proses!$H84<>"",Proses!$I84<>"",Proses!$J84<>""),Proses!G84,"") | H66: =IF(AND(Proses!$G84<>"",Proses!$H84<>"",Proses!$I84<>"",Proses!$J84<>""),Proses!H84,"") | I66: =IF(AND(Proses!$G84<>"",Proses!$H84<>"",Proses!$I84<>"",Proses!$J84<>""),Proses!I84,"") | J66: =IF(AND(Proses!$G84<>"",Proses!$H84<>"",Proses!$I84<>"",Proses!$J84<>""),Proses!J84,"")
A67: Total SKS | D67: =SUM(D61:D66) -> 20 | E67: =SUM(E61:E66) -> 0
A68: SEMESTER 7 ENTERPRICE SISTEM (ES)
A69: 1 | B69: SI9492 | C69: Tugas Akhir I | D69: 2 | E69: =IF(AND($G69<>"",$H69<>"",$I69<>"",$J69<>""),$D69,"") | F69: =IF(AND($G69<>"",$H69<>"",$I69<>"",$J69<>""),$J69,"") | G69: =IF(AND(Proses!$G103<>"",Proses!$H103<>"",Proses!$I103<>"",Proses!$J103<>""),Proses!G103,"") | H69: =IF(AND(Proses!$G103<>"",Proses!$H103<>"",Proses!$I103<>"",Proses!$J103<>""),Proses!H103,"") | I69: =IF(AND(Proses!$G103<>"",Proses!$H103<>"",Proses!$I103<>"",Proses!$J103<>""),Proses!I103,"") | J69: =IF(AND(Proses!$G103<>"",Proses!$H103<>"",Proses!$I103<>"",Proses!$J103<>""),Proses!J103,"")
A70: 2 | B70: SI9491 | C70: Kerja Praktek | D70: 2 | E70: =IF(AND($G70<>"",$H70<>"",$I70<>"",$J70<>""),$D70,"") | F70: =IF(AND($G70<>"",$H70<>"",$I70<>"",$J70<>""),$J70,"") | G70: =IF(AND(Proses!$G104<>"",Proses!$H104<>"",Proses!$I104<>"",Proses!$J104<>""),Proses!G104,"") | H70: =IF(AND(Proses!$G104<>"",Proses!$H104<>"",Proses!$I104<>"",Proses!$J104<>""),Proses!H104,"") | I70: =IF(AND(Proses!$G104<>"",Proses!$H104<>"",Proses!$I104<>"",Proses!$J104<>""),Proses!I104,"") | J70: =IF(AND(Proses!$G104<>"",Proses!$H104<>"",Proses!$I104<>"",Proses!$J104<>""),Proses!J104,"")
A71: 3 | B71: SI9214 | C71: Project Management | D71: 4 | E71: =IF(AND($G71<>"",$H71<>"",$I71<>"",$J71<>""),$D71,"") | F71: =IF(AND($G71<>"",$H71<>"",$I71<>"",$J71<>""),$J71,"") | G71: =IF(AND(Proses!$G105<>"",Proses!$H105<>"",Proses!$I105<>"",Proses!$J105<>""),Proses!G105,"") | H71: =IF(AND(Proses!$G105<>"",Proses!$H105<>"",Proses!$I105<>"",Proses!$J105<>""),Proses!H105,"") | I71: =IF(AND(Proses!$G105<>"",Proses!$H105<>"",Proses!$I105<>"",Proses!$J105<>""),Proses!I105,"") | J71: =IF(AND(Proses!$G105<>"",Proses!$H105<>"",Proses!$I105<>"",Proses!$J105<>""),Proses!J105,"")
A72: 4 | B72: SI0503 | C72: Kewirausahaan | D72: 2 | E72: =IF(AND($G72<>"",$H72<>"",$I72<>"",$J72<>""),$D72,"") | F72: =IF(AND($G72<>"",$H72<>"",$I72<>"",$J72<>""),$J72,"") | G72: =IF(AND(Proses!$G106<>"",Proses!$H106<>"",Proses!$I106<>"",Proses!$J106<>""),Proses!G106,"") | H72: =IF(AND(Proses!$G106<>"",Proses!$H106<>"",Proses!$I106<>"",Proses!$J106<>""),Proses!H106,"") | I72: =IF(AND(Proses!$G106<>"",Proses!$H106<>"",Proses!$I106<>"",Proses!$J106<>""),Proses!I106,"") | J72: =IF(AND(Proses!$G106<>"",Proses!$H106<>"",Proses!$I106<>"",Proses!$J106<>""),Proses!J106,"")
A73: 5 | B73: SI0255 | C73: Audit Sistem Informasi | D73: 4 | E73: =IF(AND($G73<>"",$H73<>"",$I73<>"",$J73<>""),$D73,"") | F73: =IF(AND($G73<>"",$H73<>"",$I73<>"",$J73<>""),$J73,"") | G73: =IF(AND(Proses!$G107<>"",Proses!$H107<>"",Proses!$I107<>"",Proses!$J107<>""),Proses!G107,"") | H73: =IF(AND(Proses!$G107<>"",Proses!$H107<>"",Proses!$I107<>"",Proses!$J107<>""),Proses!H107,"") | I73: =IF(AND(Proses!$G107<>"",Proses!$H107<>"",Proses!$I107<>"",Proses!$J107<>""),Proses!I107,"") | J73: =IF(AND(Proses!$G107<>"",Proses!$H107<>"",Proses!$I107<>"",Proses!$J107<>""),Proses!J107,"")
A74: Total SKS | D74: =SUM(D69:D73) -> 14 | E74: =SUM(E69:E73) -> 0
A75: SEMESTER 8
A76: 1 | B76: SI9493 | C76: Tugas Akhir II | D76: 4 | E76: =IF(AND($G76<>"",$H76<>"",$I76<>"",$J76<>""),$D76,"") | F76: =IF(AND($G76<>"",$H76<>"",$I76<>"",$J76<>""),$J76,"") | G76: =IF(AND(Proses!$G124<>"",Proses!$H124<>"",Proses!$I124<>"",Proses!$J124<>""),Proses!G124,"") | H76: =IF(AND(Proses!$G124<>"",Proses!$H124<>"",Proses!$I124<>"",Proses!$J124<>""),Proses!H124,"") | I76: =IF(AND(Proses!$G124<>"",Proses!$H124<>"",Proses!$I124<>"",Proses!$J124<>""),Proses!I124,"") | J76: =IF(AND(Proses!$G124<>"",Proses!$H124<>"",Proses!$I124<>"",Proses!$J124<>""),Proses!J124,"")
A77: 2 | B77: SI9219 | C77: E-Commerce | D77: 4 | E77: =IF(AND($G77<>"",$H77<>"",$I77<>"",$J77<>""),$D77,"") -> 4 | F77: =IF(AND($G77<>"",$H77<>"",$I77<>"",$J77<>""),$J77,"") -> B | G77: =IF(AND(Proses!$G125<>"",Proses!$H125<>"",Proses!$I125<>"",Proses!$J125<>""),Proses!G125,"") -> SI0219 | H77: =IF(AND(Proses!$G125<>"",Proses!$H125<>"",Proses!$I125<>"",Proses!$J125<>""),Proses!H125,"") -> E-Commerce | I77: =IF(AND(Proses!$G125<>"",Proses!$H125<>"",Proses!$I125<>"",Proses!$J125<>""),Proses!I125,"") -> 4 | J77: =IF(AND(Proses!$G125<>"",Proses!$H125<>"",Proses!$I125<>"",Proses!$J125<>""),Proses!J125,"") -> B
A78: 3 | B78: SI9502 | C78: Technopreneurship | D78: 2 | E78: =IF(AND($G78<>"",$H78<>"",$I78<>"",$J78<>""),$D78,"") | F78: =IF(AND($G78<>"",$H78<>"",$I78<>"",$J78<>""),$J78,"") | G78: =IF(AND(Proses!$G126<>"",Proses!$H126<>"",Proses!$I126<>"",Proses!$J126<>""),Proses!G126,"") | H78: =IF(AND(Proses!$G126<>"",Proses!$H126<>"",Proses!$I126<>"",Proses!$J126<>""),Proses!H126,"") | I78: =IF(AND(Proses!$G126<>"",Proses!$H126<>"",Proses!$I126<>"",Proses!$J126<>""),Proses!I126,"") | J78: =IF(AND(Proses!$G126<>"",Proses!$H126<>"",Proses!$I126<>"",Proses!$J126<>""),Proses!J126,"")
A79: 4 | B79: SI0401 | C79: Etika Profesi | D79: 2 | E79: =IF(AND($G79<>"",$H79<>"",$I79<>"",$J79<>""),$D79,"") | F79: =IF(AND($G79<>"",$H79<>"",$I79<>"",$J79<>""),$J79,"") | G79: =IF(AND(Proses!$G127<>"",Proses!$H127<>"",Proses!$I127<>"",Proses!$J127<>""),Proses!G127,"") | H79: =IF(AND(Proses!$G127<>"",Proses!$H127<>"",Proses!$I127<>"",Proses!$J127<>""),Proses!H127,"") | I79: =IF(AND(Proses!$G127<>"",Proses!$H127<>"",Proses!$I127<>"",Proses!$J127<>""),Proses!I127,"") | J79: =IF(AND(Proses!$G127<>"",Proses!$H127<>"",Proses!$I127<>"",Proses!$J127<>""),Proses!J127,"")
A80: Total SKS | D80: =SUM(D76:D79) -> 12 | E80: =SUM(E76:E79) -> 4
A81: SKS STIKOM BALI | D81: =SUM(E21,E32,E41,E50,E59,E67,E74,E80) -> 38 | G81: SKS ASAL | I81: =SUM(I12:I79) -> 38
C83: =IF(Proses!C131<>"",Proses!C131,"") -> ENTERPRICE SYSTEM (ES) | D83: =IF(Proses!D131<>"",Proses!D131,"") -> 38

Sheet GM
A1: Hasil Transfer Nilai Sementara
A2: Program Studi Sistem Informasi ITB STIKOM Bali
A4: Nama Calon Mhs | C4: =Proses!C4 -> : I Made Oka Mahendra | F4: Prodi | H4: =Proses!H4 -> :Sistem Informasi
A5: Asal PT/Univ. | C5: =Proses!C5 -> : ITB STIKOM Bali | F5: Jenjang | H5: =Proses!H5 -> :ReNIM
A6: Fakultas | C6: =Proses!C6 -> : - | F6: Tgl. Proses | H6: =Proses!H6 -> : 6 Juli 2021
A7: ="Total SKS yang ditransfer : "&D81&" SKS" -> Total SKS yang ditransfer : 40 SKS
A9: Matakuliah ITB STIKOM Bali | G9: Matakuliah Asal
A10: NO | B10: KODE | C10: MATA KULIAH | D10: SKS | E10: SKS Diakui | F10: Nilai | G10: KODE | H10: MATA KULIAH | I10: SKS | J10: Nilai
A11: SEMESTER 1
A12: 1 | B12: SI9105 | C12: Bahasa Inggris I | D12: 2 | E12: =IF(AND($G12<>"",$H12<>"",$I12<>"",$J12<>""),$D12,"") -> 2 | F12: =IF(AND($G12<>"",$H12<>"",$I12<>"",$J12<>""),$J12,"") -> AB | G12: =IF(AND(Proses!$G12<>"",Proses!$H12<>"",Proses!$I12<>"",Proses!$J12<>""),Proses!G12,"") -> SI9105 | H12: =IF(AND(Proses!$G12<>"",Proses!$H12<>"",Proses!$I12<>"",Proses!$J12<>""),Proses!H12,"") -> Bahasa Inggris I | I12: =IF(AND(Proses!$G12<>"",Proses!$H12<>"",Proses!$I12<>"",Proses!$J12<>""),Proses!I12,"") -> 2 | J12: =IF(AND(Proses!$G12<>"",Proses!$H12<>"",Proses!$I12<>"",Proses!$J12<>""),Proses!J12,"") -> AB
A13: 2 | B13: SI9208 | C13: Seni dan Budaya | D13: 2 | E13: =IF(AND($G13<>"",$H13<>"",$I13<>"",$J13<>""),$D13,"") -> 2 | F13: =IF(AND($G13<>"",$H13<>"",$I13<>"",$J13<>""),$J13,"") -> A | G13: =IF(AND(Proses!$G13<>"",Proses!$H13<>"",Proses!$I13<>"",Proses!$J13<>""),Proses!G13,"") -> SI9208 | H13: =IF(AND(Proses!$G13<>"",Proses!$H13<>"",Proses!$I13<>"",Proses!$J13<>""),Proses!H13,"") -> Seni Budaya | I13: =IF(AND(Proses!$G13<>"",Proses!$H13<>"",Proses!$I13<>"",Proses!$J13<>""),Proses!I13,"") -> 2 | J13: =IF(AND(Proses!$G13<>"",Proses!$H13<>"",Proses!$I13<>"",Proses!$J13<>""),Proses!J13,"") -> A
A14: 3 | B14: SI0201 | C14: Matematika Diskrit | D14: 4 | E14: =IF(AND($G14<>"",$H14<>"",$I14<>"",$J14<>""),$D14,"") -> 4 | F14: =IF(AND($G14<>"",$H14<>"",$I14<>"",$J14<>""),$J14,"") -> AB | G14: =IF(AND(Proses!$G14<>"",Proses!$H14<>"",Proses!$I14<>"",Proses!$J14<>""),Proses!G14,"") -> SI0201 | H14: =IF(AND(Proses!$G14<>"",Proses!$H14<>"",Proses!$I14<>"",Proses!$J14<>""),Proses!H14,"") -> Matematika Diskrit | I14: =IF(AND(Proses!$G14<>"",Proses!$H14<>"",Proses!$I14<>"",Proses!$J14<>""),Proses!I14,"") -> 4 | J14: =IF(AND(Proses!$G14<>"",Proses!$H14<>"",Proses!$I14<>"",Proses!$J14<>""),Proses!J14,"") -> AB
A15: 4 | B15: SI0202 | C15: Algoritma dan Pemrograman | D15: 2 | E15: =IF(AND($G15<>"",$H15<>"",$I15<>"",$J15<>""),$D15,"") -> 2 | F15: =IF(AND($G15<>"",$H15<>"",$I15<>"",$J15<>""),$J15,"") -> AB | G15: =IF(AND(Proses!$G15<>"",Proses!$H15<>"",Proses!$I15<>"",Proses!$J15<>""),Proses!G15,"") -> SI0202 | H15: =IF(AND(Proses!$G15<>"",Proses!$H15<>"",Proses!$I15<>"",Proses!$J15<>""),Proses!H15,"") -> Algoritma dan Pemrograman | I15: =IF(AND(Proses!$G15<>"",Proses!$H15<>"",Proses!$I15<>"",Proses!$J15<>""),Proses!I15,"") -> 2 | J15: =IF(AND(Proses!$G15<>"",Proses!$H15<>"",Proses!$I15<>"",Proses!$J15<>""),Proses!J15,"") -> AB
A16: 5 | B16: SI0304 | C16: Praktikum Algoritma dan Pemrograman | D16: 1 | E16: =IF(AND($G16<>"",$H16<>"",$I16<>"",$J16<>""),$D16,"") -> 1 | F16: =IF(AND($G16<>"",$H16<>"",$I16<>"",$J16<>""),$J16,"") -> AB | G16: =IF(AND(Proses!$G16<>"",Proses!$H16<>"",Proses!$I16<>"",Proses!$J16<>""),Proses!G16,"") -> SI0304 | H16: =IF(AND(Proses!$G16<>"",Proses!$H16<>"",Proses!$I16<>"",Proses!$J16<>""),Proses!H16,"") -> Praktikum Algoritma dan Pemrograman | I16: =IF(AND(Proses!$G16<>"",Proses!$H16<>"",Proses!$I16<>"",Proses!$J16<>""),Proses!I16,"") -> 1 | J16: =IF(AND(Proses!$G16<>"",Proses!$H16<>"",Proses!$I16<>"",Proses!$J16<>""),Proses!J16,"") -> AB
A17: 6 | B17: SI9203 | C17: Pengantar Teknologi Informasi | D17: 2 | E17: =IF(AND($G17<>"",$H17<>"",$I17<>"",$J17<>""),$D17,"") -> 2 | F17: =IF(AND($G17<>"",$H17<>"",$I17<>"",$J17<>""),$J17,"") -> AB | G17: =IF(AND(Proses!$G17<>"",Proses!$H17<>"",Proses!$I17<>"",Proses!$J17<>""),Proses!G17,"") -> SI9203 | H17: =IF(AND(Proses!$G17<>"",Proses!$H17<>"",Proses!$I17<>"",Proses!$J17<>""),Proses!H17,"") -> Pengantar Teknologi Informasi | I17: =IF(AND(Proses!$G17<>"",Proses!$H17<>"",Proses!$I17<>"",Proses!$J17<>""),Proses!I17,"") -> 2 | J17: =IF(AND(Proses!$G17<>"",Proses!$H17<>"",Proses!$I17<>"",Proses!$J17<>""),Proses!J17,"") -> AB
A18: 7 | B18: SI9301 | C18: Praktikum Pengantar Teknologi Informasi | D18: 1 | E18: =IF(AND($G18<>"",$H18<>"",$I18<>"",$J18<>""),$D18,"") -> 1 | F18: =IF(AND($G18<>"",$H18<>"",$I18<>"",$J18<>""),$J18,"") -> B | G18: =IF(AND(Proses!$G18<>"",Proses!$H18<>"",Proses!$I18<>"",Proses!$J18<>""),Proses!G18,"") -> SI9301 | H18: =IF(AND(Proses!$G18<>"",Proses!$H18<>"",Proses!$I18<>"",Proses!$J18<>""),Proses!H18,"") -> Praktikum Pengantar Teknologi Informasi | I18: =IF(AND(Proses!$G18<>"",Proses!$H18<>"",Proses!$I18<>"",Proses!$J18<>""),Proses!I18,"") -> 1 | J18: =IF(AND(Proses!$G18<>"",Proses!$H18<>"",Proses!$I18<>"",Proses!$J18<>""),Proses!J18,"") -> B
A19: 8 | B19: SI0102 | C19: Pancasila | D19: 2 | E19: =IF(AND($G19<>"",$H19<>"",$I19<>"",$J19<>""),$D19,"") -> 2 | F19: =IF(AND($G19<>"",$H19<>"",$I19<>"",$J19<>""),$J19,"") -> A | G19: =IF(AND(Proses!$G19<>"",Proses!$H19<>"",Proses!$I19<>"",Proses!$J19<>""),Proses!G19,"") -> SI0102 | H19: =IF(AND(Proses!$G19<>"",Proses!$H19<>"",Proses!$I19<>"",Proses!$J19<>""),Proses!H19,"") -> Pancasila | I19: =IF(AND(Proses!$G19<>"",Proses!$H19<>"",Proses!$I19<>"",Proses!$J19<>""),Proses!I19,"") -> 2 | J19: =IF(AND(Proses!$G19<>"",Proses!$H19<>"",Proses!$I19<>"",Proses!$J19<>""),Proses!J19,"") -> A
A20: 9 | B20: SI0221 | C20: Konsep dan Aplikasi Sistem Informasi | D20: 2 | E20: =IF(AND($G20<>"",$H20<>"",$I20<>"",$J20<>""),$D20,"") | F20: =IF(AND($G20<>"",$H20<>"",$I20<>"",$J20<>""),$J20,"") | G20: =IF(AND(Proses!$G20<>"",Proses!$H20<>"",Proses!$I20<>"",Proses!$J20<>""),Proses!G20,"") | H20: =IF(AND(Proses!$G20<>"",Proses!$H20<>"",Proses!$I20<>"",Proses!$J20<>""),Proses!H20,"") | I20: =IF(AND(Proses!$G20<>"",Proses!$H20<>"",Proses!$I20<>"",Proses!$J20<>""),Proses!I20,"") | J20: =IF(AND(Proses!$G20<>"",Proses!$H20<>"",Proses!$I20<>"",Proses!$J20<>""),Proses!J20,"")
A21: Total SKS | D21: =SUM(D12:D20) -> 18 | E21: =IF(Proses!E21 <>"",Proses!E21,"") -> 16 | F21: =IF(Proses!F21 <>"",Proses!F21,"") | G21: =IF(Proses!G21 <>"",Proses!G21,"") | H21: =IF(Proses!H21 <>"",Proses!H21,"") | I21: =IF(Proses!I21 <>"",Proses!I21,"") | J21: =IF(Proses!J21 <>"",Proses!J21,"")
A22: SEMESTER 2 | E22: =IF(Proses!E22 <>"",Proses!E22,"") | F22: =IF(Proses!F22 <>"",Proses!F22,"") | G22: =IF(Proses!G22 <>"",Proses!G22,"") | H22: =IF(Proses!H22 <>"",Proses!H22,"") | I22: =IF(Proses!I22 <>"",Proses!I22,"") | J22: =IF(Proses!J22 <>"",Proses!J22,"")
A23: 1 | B23: SI0204 | C23: Komunikasi Data | D23: 4 | E23: =IF(AND($G23<>"",$H23<>"",$I23<>"",$J23<>""),$D23,"") -> 4 | F23: =IF(AND($G23<>"",$H23<>"",$I23<>"",$J23<>""),$J23,"") -> C | G23: =IF(AND(Proses!$G23<>"",Proses!$H23<>"",Proses!$I23<>"",Proses!$J23<>""),Proses!G23,"") -> SI0204 | H23: =IF(AND(Proses!$G23<>"",Proses!$H23<>"",Proses!$I23<>"",Proses!$J23<>""),Proses!H23,"") -> Komunikasi Data | I23: =IF(AND(Proses!$G23<>"",Proses!$H23<>"",Proses!$I23<>"",Proses!$J23<>""),Proses!I23,"") -> 4 | J23: =IF(AND(Proses!$G23<>"",Proses!$H23<>"",Proses!$I23<>"",Proses!$J23<>""),Proses!J23,"") -> C
A24: 2 | B24: SI0205 | C24: Basis Data | D24: 2 | E24: =IF(AND($G24<>"",$H24<>"",$I24<>"",$J24<>""),$D24,"") -> 2 | F24: =IF(AND($G24<>"",$H24<>"",$I24<>"",$J24<>""),$J24,"") -> B | G24: =IF(AND(Proses!$G24<>"",Proses!$H24<>"",Proses!$I24<>"",Proses!$J24<>""),Proses!G24,"") -> SI0205 | H24: =IF(AND(Proses!$G24<>"",Proses!$H24<>"",Proses!$I24<>"",Proses!$J24<>""),Proses!H24,"") -> Basis Data | I24: =IF(AND(Proses!$G24<>"",Proses!$H24<>"",Proses!$I24<>"",Proses!$J24<>""),Proses!I24,"") -> 2 | J24: =IF(AND(Proses!$G24<>"",Proses!$H24<>"",Proses!$I24<>"",Proses!$J24<>""),Proses!J24,"") -> B
A25: 3 | B25: SI0302 | C25: Praktikum Basis data | D25: 1 | E25: =IF(AND($G25<>"",$H25<>"",$I25<>"",$J25<>""),$D25,"") | F25: =IF(AND($G25<>"",$H25<>"",$I25<>"",$J25<>""),$J25,"") | G25: =IF(AND(Proses!$G25<>"",Proses!$H25<>"",Proses!$I25<>"",Proses!$J25<>""),Proses!G25,"") | H25: =IF(AND(Proses!$G25<>"",Proses!$H25<>"",Proses!$I25<>"",Proses!$J25<>""),Proses!H25,"") | I25: =IF(AND(Proses!$G25<>"",Proses!$H25<>"",Proses!$I25<>"",Proses!$J25<>""),Proses!I25,"") | J25: =IF(AND(Proses!$G25<>"",Proses!$H25<>"",Proses!$I25<>"",Proses!$J25<>""),Proses!J25,"")
A26: 4 | B26: SI0206 | C26: Struktur Data | D26: 2 | E26: =IF(AND($G26<>"",$H26<>"",$I26<>"",$J26<>""),$D26,"") -> 2 | F26: =IF(AND($G26<>"",$H26<>"",$I26<>"",$J26<>""),$J26,"") -> A | G26: =IF(AND(Proses!$G26<>"",Proses!$H26<>"",Proses!$I26<>"",Proses!$J26<>""),Proses!G26,"") -> SI0206 | H26: =IF(AND(Proses!$G26<>"",Proses!$H26<>"",Proses!$I26<>"",Proses!$J26<>""),Proses!H26,"") -> Struktur Data | I26: =IF(AND(Proses!$G26<>"",Proses!$H26<>"",Proses!$I26<>"",Proses!$J26<>""),Proses!I26,"") -> 2 | J26: =IF(AND(Proses!$G26<>"",Proses!$H26<>"",Proses!$I26<>"",Proses!$J26<>""),Proses!J26,"") -> A
A27: 5 | B27: SI0303 | C27: Praktikum Struktur Data | D27: 1 | E27: =IF(AND($G27<>"",$H27<>"",$I27<>"",$J27<>""),$D27,"") -> 1 | F27: =IF(AND($G27<>"",$H27<>"",$I27<>"",$J27<>""),$J27,"") -> C | G27: =IF(AND(Proses!$G27<>"",Proses!$H27<>"",Proses!$I27<>"",Proses!$J27<>""),Proses!G27,"") -> SI0303 | H27: =IF(AND(Proses!$G27<>"",Proses!$H27<>"",Proses!$I27<>"",Proses!$J27<>""),Proses!H27,"") -> Praktikum Struktur Data | I27: =IF(AND(Proses!$G27<>"",Proses!$H27<>"",Proses!$I27<>"",Proses!$J27<>""),Proses!I27,"") -> 1 | J27: =IF(AND(Proses!$G27<>"",Proses!$H27<>"",Proses!$I27<>"",Proses!$J27<>""),Proses!J27,"") -> C
A28: 6 | B28: SI9207 | C28: Organisasi Komputer | D28: 2 | E28: =IF(AND($G28<>"",$H28<>"",$I28<>"",$J28<>""),$D28,"") -> 2 | F28: =IF(AND($G28<>"",$H28<>"",$I28<>"",$J28<>""),$J28,"") -> C | G28: =IF(AND(Proses!$G28<>"",Proses!$H28<>"",Proses!$I28<>"",Proses!$J28<>""),Proses!G28,"") -> SI9207 | H28: =IF(AND(Proses!$G28<>"",Proses!$H28<>"",Proses!$I28<>"",Proses!$J28<>""),Proses!H28,"") -> Organisasi Komputer | I28: =IF(AND(Proses!$G28<>"",Proses!$H28<>"",Proses!$I28<>"",Proses!$J28<>""),Proses!I28,"") -> 2 | J28: =IF(AND(Proses!$G28<>"",Proses!$H28<>"",Proses!$I28<>"",Proses!$J28<>""),Proses!J28,"") -> C
A29: 7 | B29: SI9106 | C29: Bahasa Inggris II | D29: 2 | E29: =IF(AND($G29<>"",$H29<>"",$I29<>"",$J29<>""),$D29,"") | F29: =IF(AND($G29<>"",$H29<>"",$I29<>"",$J29<>""),$J29,"") | G29: =IF(AND(Proses!$G29<>"",Proses!$H29<>"",Proses!$I29<>"",Proses!$J29<>""),Proses!G29,"") | H29: =IF(AND(Proses!$G29<>"",Proses!$H29<>"",Proses!$I29<>"",Proses!$J29<>""),Proses!H29,"") | I29: =IF(AND(Proses!$G29<>"",Proses!$H29<>"",Proses!$I29<>"",Proses!$J29<>""),Proses!I29,"") | J29: =IF(AND(Proses!$G29<>"",Proses!$H29<>"",Proses!$I29<>"",Proses!$J29<>""),Proses!J29,"")
A30: 8 | B30: SI0103 | C30: Kewarganegaraan | D30: 2 | E30: =IF(AND($G30<>"",$H30<>"",$I30<>"",$J30<>""),$D30,"") | F30: =IF(AND($G30<>"",$H30<>"",$I30<>"",$J30<>""),$J30,"") | G30: =IF(AND(Proses!$G30<>"",Proses!$H30<>"",Proses!$I30<>"",Proses!$J30<>""),Proses!G30,"") | H30: =IF(AND(Proses!$G30<>"",Proses!$H30<>"",Proses!$I30<>"",Proses!$J30<>""),Proses!H30,"") | I30: =IF(AND(Proses!$G30<>"",Proses!$H30<>"",Proses!$I30<>"",Proses!$J30<>""),Proses!I30,"") | J30: =IF(AND(Proses!$G30<>"",Proses!$H30<>"",Proses!$I30<>"",Proses!$J30<>""),Proses!J30,"")
A31: 9 | B31: SI0101 | C31: Pendidikan Agama | D31: 2 | E31: =IF(AND($G31<>"",$H31<>"",$I31<>"",$J31<>""),$D31,"") | F31: =IF(AND($G31<>"",$H31<>"",$I31<>"",$J31<>""),$J31,"") | G31: =IF(AND(Proses!$G31<>"",Proses!$H31<>"",Proses!$I31<>"",Proses!$J31<>""),Proses!G31,"") | H31: =IF(AND(Proses!$G31<>"",Proses!$H31<>"",Proses!$I31<>"",Proses!$J31<>""),Proses!H31,"") | I31: =IF(AND(Proses!$G31<>"",Proses!$H31<>"",Proses!$I31<>"",Proses!$J31<>""),Proses!I31,"") | J31: =IF(AND(Proses!$G31<>"",Proses!$H31<>"",Proses!$I31<>"",Proses!$J31<>""),Proses!J31,"")
A32: Total SKS | D32: =SUM(D23:D31) -> 18 | E32: =IF(Proses!E32 <>"",Proses!E32,"") -> 11 | F32: =IF(Proses!F32 <>"",Proses!F32,"") | G32: =IF(Proses!G32 <>"",Proses!G32,"") | H32: =IF(Proses!H32 <>"",Proses!H32,"") | I32: =IF(Proses!I32 <>"",Proses!I32,"") | J32: =IF(Proses!J32 <>"",Proses!J32,"")
A33: SEMESTER 3 | E33: =IF(Proses!E33 <>"",Proses!E33,"") | F33: =IF(Proses!F33 <>"",Proses!F33,"") | G33: =IF(Proses!G33 <>"",Proses!G33,"") | H33: =IF(Proses!H33 <>"",Proses!H33,"") | I33: =IF(Proses!I33 <>"",Proses!I33,"") | J33: =IF(Proses!J33 <>"",Proses!J33,"")
A34: 1 | B34: SI0209 | C34: Jaringan Komputer | D34: 2 | E34: =IF(AND($G34<>"",$H34<>"",$I34<>"",$J34<>""),$D34,"") -> 2 | F34: =IF(AND($G34<>"",$H34<>"",$I34<>"",$J34<>""),$J34,"") -> BC | G34: =IF(AND(Proses!$G34<>"",Proses!$H34<>"",Proses!$I34<>"",Proses!$J34<>""),Proses!G34,"") -> SI0209 | H34: =IF(AND(Proses!$G34<>"",Proses!$H34<>"",Proses!$I34<>"",Proses!$J34<>""),Proses!H34,"") -> Jaringan Komputer | I34: =IF(AND(Proses!$G34<>"",Proses!$H34<>"",Proses!$I34<>"",Proses!$J34<>""),Proses!I34,"") -> 2 | J34: =IF(AND(Proses!$G34<>"",Proses!$H34<>"",Proses!$I34<>"",Proses!$J34<>""),Proses!J34,"") -> BC
A35: 2 | B35: SI0305 | C35: Praktikum Jaringan Komputer | D35: 1 | E35: =IF(AND($G35<>"",$H35<>"",$I35<>"",$J35<>""),$D35,"") -> 1 | F35: =IF(AND($G35<>"",$H35<>"",$I35<>"",$J35<>""),$J35,"") -> AB | G35: =IF(AND(Proses!$G35<>"",Proses!$H35<>"",Proses!$I35<>"",Proses!$J35<>""),Proses!G35,"") -> SI0305 | H35: =IF(AND(Proses!$G35<>"",Proses!$H35<>"",Proses!$I35<>"",Proses!$J35<>""),Proses!H35,"") -> Praktikum Jaringan Komputer | I35: =IF(AND(Proses!$G35<>"",Proses!$H35<>"",Proses!$I35<>"",Proses!$J35<>""),Proses!I35,"") -> 1 | J35: =IF(AND(Proses!$G35<>"",Proses!$H35<>"",Proses!$I35<>"",Proses!$J35<>""),Proses!J35,"") -> AB
A36: 3 | B36: SI0306 | C36: Perancangan Web | D36: 4 | E36: =IF(AND($G36<>"",$H36<>"",$I36<>"",$J36<>""),$D36,"") -> 4 | F36: =IF(AND($G36<>"",$H36<>"",$I36<>"",$J36<>""),$J36,"") -> BC | G36: =IF(AND(Proses!$G36<>"",Proses!$H36<>"",Proses!$I36<>"",Proses!$J36<>""),Proses!G36,"") -> SI0306 | H36: =IF(AND(Proses!$G36<>"",Proses!$H36<>"",Proses!$I36<>"",Proses!$J36<>""),Proses!H36,"") -> Perancangan Web | I36: =IF(AND(Proses!$G36<>"",Proses!$H36<>"",Proses!$I36<>"",Proses!$J36<>""),Proses!I36,"") -> 4 | J36: =IF(AND(Proses!$G36<>"",Proses!$H36<>"",Proses!$I36<>"",Proses!$J36<>""),Proses!J36,"") -> BC
A37: 4 | B37: SI0211 | C37: Analisis dan Perancangan Sistem | D37: 4 | E37: =IF(AND($G37<>"",$H37<>"",$I37<>"",$J37<>""),$D37,"") | F37: =IF(AND($G37<>"",$H37<>"",$I37<>"",$J37<>""),$J37,"") | G37: =IF(AND(Proses!$G37<>"",Proses!$H37<>"",Proses!$I37<>"",Proses!$J37<>""),Proses!G37,"") | H37: =IF(AND(Proses!$G37<>"",Proses!$H37<>"",Proses!$I37<>"",Proses!$J37<>""),Proses!H37,"") | I37: =IF(AND(Proses!$G37<>"",Proses!$H37<>"",Proses!$I37<>"",Proses!$J37<>""),Proses!I37,"") | J37: =IF(AND(Proses!$G37<>"",Proses!$H37<>"",Proses!$I37<>"",Proses!$J37<>""),Proses!J37,"")
A38: 5 | B38: SI0307 | C38: Pemrograman Berorientasi Obyek | D38: 4 | E38: =IF(AND($G38<>"",$H38<>"",$I38<>"",$J38<>""),$D38,"") | F38: =IF(AND($G38<>"",$H38<>"",$I38<>"",$J38<>""),$J38,"") | G38: =IF(AND(Proses!$G38<>"",Proses!$H38<>"",Proses!$I38<>"",Proses!$J38<>""),Proses!G38,"") | H38: =IF(AND(Proses!$G38<>"",Proses!$H38<>"",Proses!$I38<>"",Proses!$J38<>""),Proses!H38,"") | I38: =IF(AND(Proses!$G38<>"",Proses!$H38<>"",Proses!$I38<>"",Proses!$J38<>""),Proses!I38,"") | J38: =IF(AND(Proses!$G38<>"",Proses!$H38<>"",Proses!$I38<>"",Proses!$J38<>""),Proses!J38,"")
A39: 6 | B39: SI0213 | C39: Sistem Operasi | D39: 2 | E39: =IF(AND($G39<>"",$H39<>"",$I39<>"",$J39<>""),$D39,"") | F39: =IF(AND($G39<>"",$H39<>"",$I39<>"",$J39<>""),$J39,"") | G39: =IF(AND(Proses!$G39<>"",Proses!$H39<>"",Proses!$I39<>"",Proses!$J39<>""),Proses!G39,"") | H39: =IF(AND(Proses!$G39<>"",Proses!$H39<>"",Proses!$I39<>"",Proses!$J39<>""),Proses!H39,"") | I39: =IF(AND(Proses!$G39<>"",Proses!$H39<>"",Proses!$I39<>"",Proses!$J39<>""),Proses!I39,"") | J39: =IF(AND(Proses!$G39<>"",Proses!$H39<>"",Proses!$I39<>"",Proses!$J39<>""),Proses!J39,"")
A40: 7 | B40: SI0217 | C40: Kalkulus | D40: 2 | E40: =IF(AND($G40<>"",$H40<>"",$I40<>"",$J40<>""),$D40,"") | F40: =IF(AND($G40<>"",$H40<>"",$I40<>"",$J40<>""),$J40,"") | G40: =IF(AND(Proses!$G40<>"",Proses!$H40<>"",Proses!$I40<>"",Proses!$J40<>""),Proses!G40,"") | H40: =IF(AND(Proses!$G40<>"",Proses!$H40<>"",Proses!$I40<>"",Proses!$J40<>""),Proses!H40,"") | I40: =IF(AND(Proses!$G40<>"",Proses!$H40<>"",Proses!$I40<>"",Proses!$J40<>""),Proses!I40,"") | J40: =IF(AND(Proses!$G40<>"",Proses!$H40<>"",Proses!$I40<>"",Proses!$J40<>""),Proses!J40,"")
A41: Total SKS | D41: =SUM(D34:D40) -> 19 | E41: =IF(Proses!E41 <>"",Proses!E41,"") -> 7 | F41: =IF(Proses!F41 <>"",Proses!F41,"") | G41: =IF(Proses!G41 <>"",Proses!G41,"") | H41: =IF(Proses!H41 <>"",Proses!H41,"") | I41: =IF(Proses!I41 <>"",Proses!I41,"") | J41: =IF(Proses!J41 <>"",Proses!J41,"")
A42: SEMESTER 4 | E42: =IF(Proses!E42 <>"",Proses!E42,"") | F42: =IF(Proses!F42 <>"",Proses!F42,"") | G42: =IF(Proses!G42 <>"",Proses!G42,"") | H42: =IF(Proses!H42 <>"",Proses!H42,"") | I42: =IF(Proses!I42 <>"",Proses!I42,"") | J42: =IF(Proses!J42 <>"",Proses!J42,"")
A43: 1 | B43: SI9251 | C43: Akuntansi | D43: 2 | E43: =IF(AND($G43<>"",$H43<>"",$I43<>"",$J43<>""),$D43,"") | F43: =IF(AND($G43<>"",$H43<>"",$I43<>"",$J43<>""),$J43,"") | G43: =IF(AND(Proses!$G43<>"",Proses!$H43<>"",Proses!$I43<>"",Proses!$J43<>""),Proses!G43,"") | H43: =IF(AND(Proses!$G43<>"",Proses!$H43<>"",Proses!$I43<>"",Proses!$J43<>""),Proses!H43,"") | I43: =IF(AND(Proses!$G43<>"",Proses!$H43<>"",Proses!$I43<>"",Proses!$J43<>""),Proses!I43,"") | J43: =IF(AND(Proses!$G43<>"",Proses!$H43<>"",Proses!$I43<>"",Proses!$J43<>""),Proses!J43,"")
A44: 2 | B44: SI9501 | C44: Komunikasi Bisnis | D44: 2 | E44: =IF(AND($G44<>"",$H44<>"",$I44<>"",$J44<>""),$D44,"") | F44: =IF(AND($G44<>"",$H44<>"",$I44<>"",$J44<>""),$J44,"") | G44: =IF(AND(Proses!$G44<>"",Proses!$H44<>"",Proses!$I44<>"",Proses!$J44<>""),Proses!G44,"") | H44: =IF(AND(Proses!$G44<>"",Proses!$H44<>"",Proses!$I44<>"",Proses!$J44<>""),Proses!H44,"") | I44: =IF(AND(Proses!$G44<>"",Proses!$H44<>"",Proses!$I44<>"",Proses!$J44<>""),Proses!I44,"") | J44: =IF(AND(Proses!$G44<>"",Proses!$H44<>"",Proses!$I44<>"",Proses!$J44<>""),Proses!J44,"")
A45: 3 | B45: SI9215 | C45: Interaksi Manusia dan Komputer | D45: 2 | E45: =IF(AND($G45<>"",$H45<>"",$I45<>"",$J45<>""),$D45,"") | F45: =IF(AND($G45<>"",$H45<>"",$I45<>"",$J45<>""),$J45,"") | G45: =IF(AND(Proses!$G45<>"",Proses!$H45<>"",Proses!$I45<>"",Proses!$J45<>""),Proses!G45,"") | H45: =IF(AND(Proses!$G45<>"",Proses!$H45<>"",Proses!$I45<>"",Proses!$J45<>""),Proses!H45,"") | I45: =IF(AND(Proses!$G45<>"",Proses!$H45<>"",Proses!$I45<>"",Proses!$J45<>""),Proses!I45,"") | J45: =IF(AND(Proses!$G45<>"",Proses!$H45<>"",Proses!$I45<>"",Proses!$J45<>""),Proses!J45,"")
A46: 4 | B46: SI0104 | C46: Bahasa Indonesia | D46: 2 | E46: =IF(AND($G46<>"",$H46<>"",$I46<>"",$J46<>""),$D46,"") | F46: =IF(AND($G46<>"",$H46<>"",$I46<>"",$J46<>""),$J46,"") | G46: =IF(AND(Proses!$G46<>"",Proses!$H46<>"",Proses!$I46<>"",Proses!$J46<>""),Proses!G46,"") | H46: =IF(AND(Proses!$G46<>"",Proses!$H46<>"",Proses!$I46<>"",Proses!$J46<>""),Proses!H46,"") | I46: =IF(AND(Proses!$G46<>"",Proses!$H46<>"",Proses!$I46<>"",Proses!$J46<>""),Proses!I46,"") | J46: =IF(AND(Proses!$G46<>"",Proses!$H46<>"",Proses!$I46<>"",Proses!$J46<>""),Proses!J46,"")
A47: 5 | B47: SI9308 | C47: Pemrograman Web | D47: 4 | E47: =IF(AND($G47<>"",$H47<>"",$I47<>"",$J47<>""),$D47,"") | F47: =IF(AND($G47<>"",$H47<>"",$I47<>"",$J47<>""),$J47,"") | G47: =IF(AND(Proses!$G47<>"",Proses!$H47<>"",Proses!$I47<>"",Proses!$J47<>""),Proses!G47,"") | H47: =IF(AND(Proses!$G47<>"",Proses!$H47<>"",Proses!$I47<>"",Proses!$J47<>""),Proses!H47,"") | I47: =IF(AND(Proses!$G47<>"",Proses!$H47<>"",Proses!$I47<>"",Proses!$J47<>""),Proses!I47,"") | J47: =IF(AND(Proses!$G47<>"",Proses!$H47<>"",Proses!$I47<>"",Proses!$J47<>""),Proses!J47,"")
A48: 6 | B48: SI0212 | C48: Pemodelan Berorientasi Obyek | D48: 4 | E48: =IF(AND($G48<>"",$H48<>"",$I48<>"",$J48<>""),$D48,"") | F48: =IF(AND($G48<>"",$H48<>"",$I48<>"",$J48<>""),$J48,"") | G48: =IF(AND(Proses!$G48<>"",Proses!$H48<>"",Proses!$I48<>"",Proses!$J48<>""),Proses!G48,"") | H48: =IF(AND(Proses!$G48<>"",Proses!$H48<>"",Proses!$I48<>"",Proses!$J48<>""),Proses!H48,"") | I48: =IF(AND(Proses!$G48<>"",Proses!$H48<>"",Proses!$I48<>"",Proses!$J48<>""),Proses!I48,"") | J48: =IF(AND(Proses!$G48<>"",Proses!$H48<>"",Proses!$I48<>"",Proses!$J48<>""),Proses!J48,"")
A49: 7 | B49: SI9218 | C49: Mobile Programming | D49: 4 | E49: =IF(AND($G49<>"",$H49<>"",$I49<>"",$J49<>""),$D49,"") | F49: =IF(AND($G49<>"",$H49<>"",$I49<>"",$J49<>""),$J49,"") | G49: =IF(AND(Proses!$G49<>"",Proses!$H49<>"",Proses!$I49<>"",Proses!$J49<>""),Proses!G49,"") | H49: =IF(AND(Proses!$G49<>"",Proses!$H49<>"",Proses!$I49<>"",Proses!$J49<>""),Proses!H49,"") | I49: =IF(AND(Proses!$G49<>"",Proses!$H49<>"",Proses!$I49<>"",Proses!$J49<>""),Proses!I49,"") | J49: =IF(AND(Proses!$G49<>"",Proses!$H49<>"",Proses!$I49<>"",Proses!$J49<>""),Proses!J49,"")
A50: Total SKS | D50: =SUM(D43:D49) -> 20 | E50: =IF(Proses!E50 <>"",Proses!E50,"") -> 0 | F50: =IF(Proses!F50 <>"",Proses!F50,"") | G50: =IF(Proses!G50 <>"",Proses!G50,"") | H50: =IF(Proses!H50 <>"",Proses!H50,"") | I50: =IF(Proses!I50 <>"",Proses!I50,"") | J50: =IF(Proses!J50 <>"",Proses!J50,"")
A51: SEMESTER 5 GAME AND MULTIMEDIA (G&M)
A52: 1 | B52: SI9216 | C52: Metodologi Penulisan Ilmiah | D52: 2 | E52: =IF(AND($G52<>"",$H52<>"",$I52<>"",$J52<>""),$D52,"") | F52: =IF(AND($G52<>"",$H52<>"",$I52<>"",$J52<>""),$J52,"") | G52: =IF(AND(Proses!$G61<>"",Proses!$H61<>"",Proses!$I61<>"",Proses!$J61<>""),Proses!G61,"") | H52: =IF(AND(Proses!$G61<>"",Proses!$H61<>"",Proses!$I61<>"",Proses!$J61<>""),Proses!H61,"") | I52: =IF(AND(Proses!$G61<>"",Proses!$H61<>"",Proses!$I61<>"",Proses!$J61<>""),Proses!I61,"") | J52: =IF(AND(Proses!$G61<>"",Proses!$H61<>"",Proses!$I61<>"",Proses!$J61<>""),Proses!J61,"")
A53: 2 | B53: SI9263 | C53: Advertising dan Social Media | D53: 4 | E53: =IF(AND($G53<>"",$H53<>"",$I53<>"",$J53<>""),$D53,"") | F53: =IF(AND($G53<>"",$H53<>"",$I53<>"",$J53<>""),$J53,"") | G53: =IF(AND(Proses!$G62<>"",Proses!$H62<>"",Proses!$I62<>"",Proses!$J62<>""),Proses!G62,"") | H53: =IF(AND(Proses!$G62<>"",Proses!$H62<>"",Proses!$I62<>"",Proses!$J62<>""),Proses!H62,"") | I53: =IF(AND(Proses!$G62<>"",Proses!$H62<>"",Proses!$I62<>"",Proses!$J62<>""),Proses!I62,"") | J53: =IF(AND(Proses!$G62<>"",Proses!$H62<>"",Proses!$I62<>"",Proses!$J62<>""),Proses!J62,"")
A54: 3 | B54: SI0210 | C54: Rekayasa Perangkat Lunak | D54: 4 | E54: =IF(AND($G54<>"",$H54<>"",$I54<>"",$J54<>""),$D54,"") | F54: =IF(AND($G54<>"",$H54<>"",$I54<>"",$J54<>""),$J54,"") | G54: =IF(AND(Proses!$G63<>"",Proses!$H63<>"",Proses!$I63<>"",Proses!$J63<>""),Proses!G63,"") | H54: =IF(AND(Proses!$G63<>"",Proses!$H63<>"",Proses!$I63<>"",Proses!$J63<>""),Proses!H63,"") | I54: =IF(AND(Proses!$G63<>"",Proses!$H63<>"",Proses!$I63<>"",Proses!$J63<>""),Proses!I63,"") | J54: =IF(AND(Proses!$G63<>"",Proses!$H63<>"",Proses!$I63<>"",Proses!$J63<>""),Proses!J63,"")
A55: 4 | B55: SI9262 | C55: Audio Video Editing | D55: 2 | E55: =IF(AND($G55<>"",$H55<>"",$I55<>"",$J55<>""),$D55,"") -> 2 | F55: =IF(AND($G55<>"",$H55<>"",$I55<>"",$J55<>""),$J55,"") -> AB | G55: =IF(AND(Proses!$G64<>"",Proses!$H64<>"",Proses!$I64<>"",Proses!$J64<>""),Proses!G64,"") -> SI9262 | H55: =IF(AND(Proses!$G64<>"",Proses!$H64<>"",Proses!$I64<>"",Proses!$J64<>""),Proses!H64,"") -> Audio Video Editing | I55: =IF(AND(Proses!$G64<>"",Proses!$H64<>"",Proses!$I64<>"",Proses!$J64<>""),Proses!I64,"") -> 2 | J55: =IF(AND(Proses!$G64<>"",Proses!$H64<>"",Proses!$I64<>"",Proses!$J64<>""),Proses!J64,"") -> AB
A56: 5 | B56: SI9261 | C56: Desain Grafis | D56: 4 | E56: =IF(AND($G56<>"",$H56<>"",$I56<>"",$J56<>""),$D56,"") | F56: =IF(AND($G56<>"",$H56<>"",$I56<>"",$J56<>""),$J56,"") | G56: =IF(AND(Proses!$G65<>"",Proses!$H65<>"",Proses!$I65<>"",Proses!$J65<>""),Proses!G65,"") | H56: =IF(AND(Proses!$G65<>"",Proses!$H65<>"",Proses!$I65<>"",Proses!$J65<>""),Proses!H65,"") | I56: =IF(AND(Proses!$G65<>"",Proses!$H65<>"",Proses!$I65<>"",Proses!$J65<>""),Proses!I65,"") | J56: =IF(AND(Proses!$G65<>"",Proses!$H65<>"",Proses!$I65<>"",Proses!$J65<>""),Proses!J65,"")
A57: 6 | B57: SI9241 | C57: Statistik | D57: 2 | E57: =IF(AND($G57<>"",$H57<>"",$I57<>"",$J57<>""),$D57,"") | F57: =IF(AND($G57<>"",$H57<>"",$I57<>"",$J57<>""),$J57,"") | G57: =IF(AND(Proses!$G66<>"",Proses!$H66<>"",Proses!$I66<>"",Proses!$J66<>""),Proses!G66,"") | H57: =IF(AND(Proses!$G66<>"",Proses!$H66<>"",Proses!$I66<>"",Proses!$J66<>""),Proses!H66,"") | I57: =IF(AND(Proses!$G66<>"",Proses!$H66<>"",Proses!$I66<>"",Proses!$J66<>""),Proses!I66,"") | J57: =IF(AND(Proses!$G66<>"",Proses!$H66<>"",Proses!$I66<>"",Proses!$J66<>""),Proses!J66,"")
A58: 7 | B58: SI9220 | C58: User Experience | D58: 2 | E58: =IF(AND($G58<>"",$H58<>"",$I58<>"",$J58<>""),$D58,"") | F58: =IF(AND($G58<>"",$H58<>"",$I58<>"",$J58<>""),$J58,"") | G58: =IF(AND(Proses!$G67<>"",Proses!$H67<>"",Proses!$I67<>"",Proses!$J67<>""),Proses!G67,"") | H58: =IF(AND(Proses!$G67<>"",Proses!$H67<>"",Proses!$I67<>"",Proses!$J67<>""),Proses!H67,"") | I58: =IF(AND(Proses!$G67<>"",Proses!$H67<>"",Proses!$I67<>"",Proses!$J67<>""),Proses!I67,"") | J58: =IF(AND(Proses!$G67<>"",Proses!$H67<>"",Proses!$I67<>"",Proses!$J67<>""),Proses!J67,"")
A59: Total SKS | D59: =SUM(D52:D58) -> 20 | E59: =SUM(E52:E58) -> 2
A60: SEMESTER 6 GAME AND MULTIMEDIA (G&M)
A61: 1 | B61: SI0361 | C61: Komputer Animasi | D61: 4 | E61: =IF(AND($G61<>"",$H61<>"",$I61<>"",$J61<>""),$D61,"") | F61: =IF(AND($G61<>"",$H61<>"",$I61<>"",$J61<>""),$J61,"") | G61: =IF(AND(Proses!$G87<>"",Proses!$H87<>"",Proses!$I87<>"",Proses!$J87<>""),Proses!G87,"") | H61: =IF(AND(Proses!$G87<>"",Proses!$H87<>"",Proses!$I87<>"",Proses!$J87<>""),Proses!H87,"") | I61: =IF(AND(Proses!$G87<>"",Proses!$H87<>"",Proses!$I87<>"",Proses!$J87<>""),Proses!I87,"") | J61: =IF(AND(Proses!$G87<>"",Proses!$H87<>"",Proses!$I87<>"",Proses!$J87<>""),Proses!J87,"")
A62: 2 | B62: SI9242 | C62: IT Governance | D62: 2 | E62: =IF(AND($G62<>"",$H62<>"",$I62<>"",$J62<>""),$D62,"") | F62: =IF(AND($G62<>"",$H62<>"",$I62<>"",$J62<>""),$J62,"") | G62: =IF(AND(Proses!$G88<>"",Proses!$H88<>"",Proses!$I88<>"",Proses!$J88<>""),Proses!G88,"") | H62: =IF(AND(Proses!$G88<>"",Proses!$H88<>"",Proses!$I88<>"",Proses!$J88<>""),Proses!H88,"") | I62: =IF(AND(Proses!$G88<>"",Proses!$H88<>"",Proses!$I88<>"",Proses!$J88<>""),Proses!I88,"") | J62: =IF(AND(Proses!$G88<>"",Proses!$H88<>"",Proses!$I88<>"",Proses!$J88<>""),Proses!J88,"")
A63: 3 | B63: SI9264 | C63: Story Boarding & Concept Art | D63: 4 | E63: =IF(AND($G63<>"",$H63<>"",$I63<>"",$J63<>""),$D63,"") | F63: =IF(AND($G63<>"",$H63<>"",$I63<>"",$J63<>""),$J63,"") | G63: =IF(AND(Proses!$G89<>"",Proses!$H89<>"",Proses!$I89<>"",Proses!$J89<>""),Proses!G89,"") | H63: =IF(AND(Proses!$G89<>"",Proses!$H89<>"",Proses!$I89<>"",Proses!$J89<>""),Proses!H89,"") | I63: =IF(AND(Proses!$G89<>"",Proses!$H89<>"",Proses!$I89<>"",Proses!$J89<>""),Proses!I89,"") | J63: =IF(AND(Proses!$G89<>"",Proses!$H89<>"",Proses!$I89<>"",Proses!$J89<>""),Proses!J89,"")
A64: 4 | B64: SI0356 | C64: Sistem Informasi Akuntansi | D64: 2 | E64: =IF(AND($G64<>"",$H64<>"",$I64<>"",$J64<>""),$D64,"") | F64: =IF(AND($G64<>"",$H64<>"",$I64<>"",$J64<>""),$J64,"") | G64: =IF(AND(Proses!$G90<>"",Proses!$H90<>"",Proses!$I90<>"",Proses!$J90<>""),Proses!G90,"") | H64: =IF(AND(Proses!$G90<>"",Proses!$H90<>"",Proses!$I90<>"",Proses!$J90<>""),Proses!H90,"") | I64: =IF(AND(Proses!$G90<>"",Proses!$H90<>"",Proses!$I90<>"",Proses!$J90<>""),Proses!I90,"") | J64: =IF(AND(Proses!$G90<>"",Proses!$H90<>"",Proses!$I90<>"",Proses!$J90<>""),Proses!J90,"")
A65: 5 | B65: SI0265 | C65: Game Programming | D65: 4 | E65: =IF(AND($G65<>"",$H65<>"",$I65<>"",$J65<>""),$D65,"") | F65: =IF(AND($G65<>"",$H65<>"",$I65<>"",$J65<>""),$J65,"") | G65: =IF(AND(Proses!$G91<>"",Proses!$H91<>"",Proses!$I91<>"",Proses!$J91<>""),Proses!G91,"") | H65: =IF(AND(Proses!$G91<>"",Proses!$H91<>"",Proses!$I91<>"",Proses!$J91<>""),Proses!H91,"") | I65: =IF(AND(Proses!$G91<>"",Proses!$H91<>"",Proses!$I91<>"",Proses!$J91<>""),Proses!I91,"") | J65: =IF(AND(Proses!$G91<>"",Proses!$H91<>"",Proses!$I91<>"",Proses!$J91<>""),Proses!J91,"")
A66: 6 | B66: SI9271 | C66: Supply Chain Management | D66: 4 | E66: =IF(AND($G66<>"",$H66<>"",$I66<>"",$J66<>""),$D66,"") | F66: =IF(AND($G66<>"",$H66<>"",$I66<>"",$J66<>""),$J66,"") | G66: =IF(AND(Proses!$G92<>"",Proses!$H92<>"",Proses!$I92<>"",Proses!$J92<>""),Proses!G92,"") | H66: =IF(AND(Proses!$G92<>"",Proses!$H92<>"",Proses!$I92<>"",Proses!$J92<>""),Proses!H92,"") | I66: =IF(AND(Proses!$G92<>"",Proses!$H92<>"",Proses!$I92<>"",Proses!$J92<>""),Proses!I92,"") | J66: =IF(AND(Proses!$G92<>"",Proses!$H92<>"",Proses!$I92<>"",Proses!$J92<>""),Proses!J92,"")
A67: Total SKS | D67: =SUM(D61:D66) -> 20 | E67: =SUM(E61:E66) -> 0
A68: SEMESTER 7 GAME AND MULTIMEDIA (G&M)
A69: 1 | B69: SI9492 | C69: Tugas Akhir I | D69: 2 | E69: =IF(AND($G69<>"",$H69<>"",$I69<>"",$J69<>""),$D69,"") | F69: =IF(AND($G69<>"",$H69<>"",$I69<>"",$J69<>""),$J69,"") | G69: =IF(AND(Proses!$G110<>"",Proses!$H110<>"",Proses!$I110<>"",Proses!$J110<>""),Proses!G110,"") | H69: =IF(AND(Proses!$G110<>"",Proses!$H110<>"",Proses!$I110<>"",Proses!$J110<>""),Proses!H110,"") | I69: =IF(AND(Proses!$G110<>"",Proses!$H110<>"",Proses!$I110<>"",Proses!$J110<>""),Proses!I110,"") | J69: =IF(AND(Proses!$G110<>"",Proses!$H110<>"",Proses!$I110<>"",Proses!$J110<>""),Proses!J110,"")
A70: 2 | B70: SI9491 | C70: Kerja Praktek | D70: 2 | E70: =IF(AND($G70<>"",$H70<>"",$I70<>"",$J70<>""),$D70,"") | F70: =IF(AND($G70<>"",$H70<>"",$I70<>"",$J70<>""),$J70,"") | G70: =IF(AND(Proses!$G111<>"",Proses!$H111<>"",Proses!$I111<>"",Proses!$J111<>""),Proses!G111,"") | H70: =IF(AND(Proses!$G111<>"",Proses!$H111<>"",Proses!$I111<>"",Proses!$J111<>""),Proses!H111,"") | I70: =IF(AND(Proses!$G111<>"",Proses!$H111<>"",Proses!$I111<>"",Proses!$J111<>""),Proses!I111,"") | J70: =IF(AND(Proses!$G111<>"",Proses!$H111<>"",Proses!$I111<>"",Proses!$J111<>""),Proses!J111,"")
A71: 3 | B71: SI9266 | C71: Multimedia Pembelajaran | D71: 4 | E71: =IF(AND($G71<>"",$H71<>"",$I71<>"",$J71<>""),$D71,"") | F71: =IF(AND($G71<>"",$H71<>"",$I71<>"",$J71<>""),$J71,"") | G71: =IF(AND(Proses!$G112<>"",Proses!$H112<>"",Proses!$I112<>"",Proses!$J112<>""),Proses!G112,"") | H71: =IF(AND(Proses!$G112<>"",Proses!$H112<>"",Proses!$I112<>"",Proses!$J112<>""),Proses!H112,"") | I71: =IF(AND(Proses!$G112<>"",Proses!$H112<>"",Proses!$I112<>"",Proses!$J112<>""),Proses!I112,"") | J71: =IF(AND(Proses!$G112<>"",Proses!$H112<>"",Proses!$I112<>"",Proses!$J112<>""),Proses!J112,"")
A72: 4 | B72: SI0503 | C72: Kewirausahaan | D72: 2 | E72: =IF(AND($G72<>"",$H72<>"",$I72<>"",$J72<>""),$D72,"") | F72: =IF(AND($G72<>"",$H72<>"",$I72<>"",$J72<>""),$J72,"") | G72: =IF(AND(Proses!$G113<>"",Proses!$H113<>"",Proses!$I113<>"",Proses!$J113<>""),Proses!G113,"") | H72: =IF(AND(Proses!$G113<>"",Proses!$H113<>"",Proses!$I113<>"",Proses!$J113<>""),Proses!H113,"") | I72: =IF(AND(Proses!$G113<>"",Proses!$H113<>"",Proses!$I113<>"",Proses!$J113<>""),Proses!I113,"") | J72: =IF(AND(Proses!$G113<>"",Proses!$H113<>"",Proses!$I113<>"",Proses!$J113<>""),Proses!J113,"")
A73: 5 | B73: SI9214 | C73: Project Management | D73: 4 | E73: =IF(AND($G73<>"",$H73<>"",$I73<>"",$J73<>""),$D73,"") | F73: =IF(AND($G73<>"",$H73<>"",$I73<>"",$J73<>""),$J73,"") | G73: =IF(AND(Proses!$G114<>"",Proses!$H114<>"",Proses!$I114<>"",Proses!$J114<>""),Proses!G114,"") | H73: =IF(AND(Proses!$G114<>"",Proses!$H114<>"",Proses!$I114<>"",Proses!$J114<>""),Proses!H114,"") | I73: =IF(AND(Proses!$G114<>"",Proses!$H114<>"",Proses!$I114<>"",Proses!$J114<>""),Proses!I114,"") | J73: =IF(AND(Proses!$G114<>"",Proses!$H114<>"",Proses!$I114<>"",Proses!$J114<>""),Proses!J114,"")
A74: Total SKS | D74: =SUM(D69:D73) -> 14 | E74: =SUM(E69:E73) -> 0
A75: SEMESTER 8
A76: 1 | B76: SI9493 | C76: Tugas Akhir II | D76: 4 | E76: =IF(AND($G76<>"",$H76<>"",$I76<>"",$J76<>""),$D76,"") | F76: =IF(AND($G76<>"",$H76<>"",$I76<>"",$J76<>""),$J76,"") | G76: =IF(AND(Proses!$G124<>"",Proses!$H124<>"",Proses!$I124<>"",Proses!$J124<>""),Proses!G124,"") | H76: =IF(AND(Proses!$G124<>"",Proses!$H124<>"",Proses!$I124<>"",Proses!$J124<>""),Proses!H124,"") | I76: =IF(AND(Proses!$G124<>"",Proses!$H124<>"",Proses!$I124<>"",Proses!$J124<>""),Proses!I124,"") | J76: =IF(AND(Proses!$G124<>"",Proses!$H124<>"",Proses!$I124<>"",Proses!$J124<>""),Proses!J124,"")
A77: 2 | B77: SI9219 | C77: E-Commerce | D77: 4 | E77: =IF(AND($G77<>"",$H77<>"",$I77<>"",$J77<>""),$D77,"") -> 4 | F77: =IF(AND($G77<>"",$H77<>"",$I77<>"",$J77<>""),$J77,"") -> B | G77: =IF(AND(Proses!$G125<>"",Proses!$H125<>"",Proses!$I125<>"",Proses!$J125<>""),Proses!G125,"") -> SI0219 | H77: =IF(AND(Proses!$G125<>"",Proses!$H125<>"",Proses!$I125<>"",Proses!$J125<>""),Proses!H125,"") -> E-Commerce | I77: =IF(AND(Proses!$G125<>"",Proses!$H125<>"",Proses!$I125<>"",Proses!$J125<>""),Proses!I125,"") -> 4 | J77: =IF(AND(Proses!$G125<>"",Proses!$H125<>"",Proses!$I125<>"",Proses!$J125<>""),Proses!J125,"") -> B
A78: 3 | B78: SI9502 | C78: Technopreneurship | D78: 2 | E78: =IF(AND($G78<>"",$H78<>"",$I78<>"",$J78<>""),$D78,"") | F78: =IF(AND($G78<>"",$H78<>"",$I78<>"",$J78<>""),$J78,"") | G78: =IF(AND(Proses!$G126<>"",Proses!$H126<>"",Proses!$I126<>"",Proses!$J126<>""),Proses!G126,"") | H78: =IF(AND(Proses!$G126<>"",Proses!$H126<>"",Proses!$I126<>"",Proses!$J126<>""),Proses!H126,"") | I78: =IF(AND(Proses!$G126<>"",Proses!$H126<>"",Proses!$I126<>"",Proses!$J126<>""),Proses!I126,"") | J78: =IF(AND(Proses!$G126<>"",Proses!$H126<>"",Proses!$I126<>"",Proses!$J126<>""),Proses!J126,"")
A79: 4 | B79: SI0401 | C79: Etika Profesi | D79: 2 | E79: =IF(AND($G79<>"",$H79<>"",$I79<>"",$J79<>""),$D79,"") | F79: =IF(AND($G79<>"",$H79<>"",$I79<>"",$J79<>""),$J79,"") | G79: =IF(AND(Proses!$G127<>"",Proses!$H127<>"",Proses!$I127<>"",Proses!$J127<>""),Proses!G127,"") | H79: =IF(AND(Proses!$G127<>"",Proses!$H127<>"",Proses!$I127<>"",Proses!$J127<>""),Proses!H127,"") | I79: =IF(AND(Proses!$G127<>"",Proses!$H127<>"",Proses!$I127<>"",Proses!$J127<>""),Proses!I127,"") | J79: =IF(AND(Proses!$G127<>"",Proses!$H127<>"",Proses!$I127<>"",Proses!$J127<>""),Proses!J127,"")
A80: Total SKS | D80: =SUM(D76:D79) -> 12 | E80: =SUM(E76:E79) -> 4
A81: SKS STIKOM BALI | D81: =SUM(E21,E32,E41,E50,E59,E67,E74,E80) -> 40 | G81: SKS ASAL | I81: =SUM(I12:I79) -> 40
C83: =IF(Proses!C132<>"",Proses!C132,"") -> GAME & MULTIMEDIA (G&M) | D83: =IF(Proses!D132<>"",Proses!D132,"") -> 40

Sheet IS
A1: Hasil Transfer Nilai Sementara
A2: Program Studi Sistem Informasi ITB STIKOM Bali
A4: Nama Calon Mhs | C4: =Proses!C4 -> : I Made Oka Mahendra | F4: Prodi | H4: =Proses!H4 -> :Sistem Informasi
A5: Asal PT/Univ. | C5: =Proses!C5 -> : ITB STIKOM Bali | F5: Jenjang | H5: =Proses!H5 -> :ReNIM
A6: Fakultas | C6: =Proses!C6 -> : - | F6: Tgl. Proses | H6: =Proses!H6 -> : 6 Juli 2021
A7: ="Total SKS yang ditransfer : "&D81&" SKS" -> Total SKS yang ditransfer : 38 SKS
A9: Matakuliah ITB STIKOM Bali | G9: Matakuliah Asal
A10: NO | B10: KODE | C10: MATA KULIAH | D10: SKS | E10: SKS Diakui | F10: Nilai | G10: KODE | H10: MATA KULIAH | I10: SKS | J10: Nilai
A11: SEMESTER 1
A12: 1 | B12: SI9105 | C12: Bahasa Inggris I | D12: 2 | E12: =IF(AND($G12<>"",$H12<>"",$I12<>"",$J12<>""),$D12,"") -> 2 | F12: =IF(AND($G12<>"",$H12<>"",$I12<>"",$J12<>""),$J12,"") -> AB | G12: =IF(AND(Proses!$G12<>"",Proses!$H12<>"",Proses!$I12<>"",Proses!$J12<>""),Proses!G12,"") -> SI9105 | H12: =IF(AND(Proses!$G12<>"",Proses!$H12<>"",Proses!$I12<>"",Proses!$J12<>""),Proses!H12,"") -> Bahasa Inggris I | I12: =IF(AND(Proses!$G12<>"",Proses!$H12<>"",Proses!$I12<>"",Proses!$J12<>""),Proses!I12,"") -> 2 | J12: =IF(AND(Proses!$G12<>"",Proses!$H12<>"",Proses!$I12<>"",Proses!$J12<>""),Proses!J12,"") -> AB
A13: 2 | B13: SI9208 | C13: Seni dan Budaya | D13: 2 | E13: =IF(AND($G13<>"",$H13<>"",$I13<>"",$J13<>""),$D13,"") -> 2 | F13: =IF(AND($G13<>"",$H13<>"",$I13<>"",$J13<>""),$J13,"") -> A | G13: =IF(AND(Proses!$G13<>"",Proses!$H13<>"",Proses!$I13<>"",Proses!$J13<>""),Proses!G13,"") -> SI9208 | H13: =IF(AND(Proses!$G13<>"",Proses!$H13<>"",Proses!$I13<>"",Proses!$J13<>""),Proses!H13,"") -> Seni Budaya | I13: =IF(AND(Proses!$G13<>"",Proses!$H13<>"",Proses!$I13<>"",Proses!$J13<>""),Proses!I13,"") -> 2 | J13: =IF(AND(Proses!$G13<>"",Proses!$H13<>"",Proses!$I13<>"",Proses!$J13<>""),Proses!J13,"") -> A
A14: 3 | B14: SI0201 | C14: Matematika Diskrit | D14: 4 | E14: =IF(AND($G14<>"",$H14<>"",$I14<>"",$J14<>""),$D14,"") -> 4 | F14: =IF(AND($G14<>"",$H14<>"",$I14<>"",$J14<>""),$J14,"") -> AB | G14: =IF(AND(Proses!$G14<>"",Proses!$H14<>"",Proses!$I14<>"",Proses!$J14<>""),Proses!G14,"") -> SI0201 | H14: =IF(AND(Proses!$G14<>"",Proses!$H14<>"",Proses!$I14<>"",Proses!$J14<>""),Proses!H14,"") -> Matematika Diskrit | I14: =IF(AND(Proses!$G14<>"",Proses!$H14<>"",Proses!$I14<>"",Proses!$J14<>""),Proses!I14,"") -> 4 | J14: =IF(AND(Proses!$G14<>"",Proses!$H14<>"",Proses!$I14<>"",Proses!$J14<>""),Proses!J14,"") -> AB
A15: 4 | B15: SI0202 | C15: Algoritma dan Pemrograman | D15: 2 | E15: =IF(AND($G15<>"",$H15<>"",$I15<>"",$J15<>""),$D15,"") -> 2 | F15: =IF(AND($G15<>"",$H15<>"",$I15<>"",$J15<>""),$J15,"") -> AB | G15: =IF(AND(Proses!$G15<>"",Proses!$H15<>"",Proses!$I15<>"",Proses!$J15<>""),Proses!G15,"") -> SI0202 | H15: =IF(AND(Proses!$G15<>"",Proses!$H15<>"",Proses!$I15<>"",Proses!$J15<>""),Proses!H15,"") -> Algoritma dan Pemrograman | I15: =IF(AND(Proses!$G15<>"",Proses!$H15<>"",Proses!$I15<>"",Proses!$J15<>""),Proses!I15,"") -> 2 | J15: =IF(AND(Proses!$G15<>"",Proses!$H15<>"",Proses!$I15<>"",Proses!$J15<>""),Proses!J15,"") -> AB
A16: 5 | B16: SI0304 | C16: Praktikum Algoritma dan Pemrograman | D16: 1 | E16: =IF(AND($G16<>"",$H16<>"",$I16<>"",$J16<>""),$D16,"") -> 1 | F16: =IF(AND($G16<>"",$H16<>"",$I16<>"",$J16<>""),$J16,"") -> AB | G16: =IF(AND(Proses!$G16<>"",Proses!$H16<>"",Proses!$I16<>"",Proses!$J16<>""),Proses!G16,"") -> SI0304 | H16: =IF(AND(Proses!$G16<>"",Proses!$H16<>"",Proses!$I16<>"",Proses!$J16<>""),Proses!H16,"") -> Praktikum Algoritma dan Pemrograman | I16: =IF(AND(Proses!$G16<>"",Proses!$H16<>"",Proses!$I16<>"",Proses!$J16<>""),Proses!I16,"") -> 1 | J16: =IF(AND(Proses!$G16<>"",Proses!$H16<>"",Proses!$I16<>"",Proses!$J16<>""),Proses!J16,"") -> AB
A17: 6 | B17: SI9203 | C17: Pengantar Teknologi Informasi | D17: 2 | E17: =IF(AND($G17<>"",$H17<>"",$I17<>"",$J17<>""),$D17,"") -> 2 | F17: =IF(AND($G17<>"",$H17<>"",$I17<>"",$J17<>""),$J17,"") -> AB | G17: =IF(AND(Proses!$G17<>"",Proses!$H17<>"",Proses!$I17<>"",Proses!$J17<>""),Proses!G17,"") -> SI9203 | H17: =IF(AND(Proses!$G17<>"",Proses!$H17<>"",Proses!$I17<>"",Proses!$J17<>""),Proses!H17,"") -> Pengantar Teknologi Informasi | I17: =IF(AND(Proses!$G17<>"",Proses!$H17<>"",Proses!$I17<>"",Proses!$J17<>""),Proses!I17,"") -> 2 | J17: =IF(AND(Proses!$G17<>"",Proses!$H17<>"",Proses!$I17<>"",Proses!$J17<>""),Proses!J17,"") -> AB
A18: 7 | B18: SI9301 | C18: Praktikum Pengantar Teknologi Informasi | D18: 1 | E18: =IF(AND($G18<>"",$H18<>"",$I18<>"",$J18<>""),$D18,"") -> 1 | F18: =IF(AND($G18<>"",$H18<>"",$I18<>"",$J18<>""),$J18,"") -> B | G18: =IF(AND(Proses!$G18<>"",Proses!$H18<>"",Proses!$I18<>"",Proses!$J18<>""),Proses!G18,"") -> SI9301 | H18: =IF(AND(Proses!$G18<>"",Proses!$H18<>"",Proses!$I18<>"",Proses!$J18<>""),Proses!H18,"") -> Praktikum Pengantar Teknologi Informasi | I18: =IF(AND(Proses!$G18<>"",Proses!$H18<>"",Proses!$I18<>"",Proses!$J18<>""),Proses!I18,"") -> 1 | J18: =IF(AND(Proses!$G18<>"",Proses!$H18<>"",Proses!$I18<>"",Proses!$J18<>""),Proses!J18,"") -> B
A19: 8 | B19: SI0102 | C19: Pancasila | D19: 2 | E19: =IF(AND($G19<>"",$H19<>"",$I19<>"",$J19<>""),$D19,"") -> 2 | F19: =IF(AND($G19<>"",$H19<>"",$I19<>"",$J19<>""),$J19,"") -> A | G19: =IF(AND(Proses!$G19<>"",Proses!$H19<>"",Proses!$I19<>"",Proses!$J19<>""),Proses!G19,"") -> SI0102 | H19: =IF(AND(Proses!$G19<>"",Proses!$H19<>"",Proses!$I19<>"",Proses!$J19<>""),Proses!H19,"") -> Pancasila | I19: =IF(AND(Proses!$G19<>"",Proses!$H19<>"",Proses!$I19<>"",Proses!$J19<>""),Proses!I19,"") -> 2 | J19: =IF(AND(Proses!$G19<>"",Proses!$H19<>"",Proses!$I19<>"",Proses!$J19<>""),Proses!J19,"") -> A
A20: 9 | B20: SI0221 | C20: Konsep dan Aplikasi Sistem Informasi | D20: 2 | E20: =IF(AND($G20<>"",$H20<>"",$I20<>"",$J20<>""),$D20,"") | F20: =IF(AND($G20<>"",$H20<>"",$I20<>"",$J20<>""),$J20,"") | G20: =IF(AND(Proses!$G20<>"",Proses!$H20<>"",Proses!$I20<>"",Proses!$J20<>""),Proses!G20,"") | H20: =IF(AND(Proses!$G20<>"",Proses!$H20<>"",Proses!$I20<>"",Proses!$J20<>""),Proses!H20,"") | I20: =IF(AND(Proses!$G20<>"",Proses!$H20<>"",Proses!$I20<>"",Proses!$J20<>""),Proses!I20,"") | J20: =IF(AND(Proses!$G20<>"",Proses!$H20<>"",Proses!$I20<>"",Proses!$J20<>""),Proses!J20,"")
A21: Total SKS | D21: =SUM(D12:D20) -> 18 | E21: =IF(Proses!E21 <>"",Proses!E21,"") -> 16 | F21: =IF(Proses!F21 <>"",Proses!F21,"") | G21: =IF(Proses!G21 <>"",Proses!G21,"") | H21: =IF(Proses!H21 <>"",Proses!H21,"") | I21: =IF(Proses!I21 <>"",Proses!I21,"") | J21: =IF(Proses!J21 <>"",Proses!J21,"")
A22: SEMESTER 2 | E22: =IF(Proses!E22 <>"",Proses!E22,"") | F22: =IF(Proses!F22 <>"",Proses!F22,"") | G22: =IF(Proses!G22 <>"",Proses!G22,"") | H22: =IF(Proses!H22 <>"",Proses!H22,"") | I22: =IF(Proses!I22 <>"",Proses!I22,"") | J22: =IF(Proses!J22 <>"",Proses!J22,"")
A23: 1 | B23: SI0204 | C23: Komunikasi Data | D23: 4 | E23: =IF(AND($G23<>"",$H23<>"",$I23<>"",$J23<>""),$D23,"") -> 4 | F23: =IF(AND($G23<>"",$H23<>"",$I23<>"",$J23<>""),$J23,"") -> C | G23: =IF(AND(Proses!$G23<>"",Proses!$H23<>"",Proses!$I23<>"",Proses!$J23<>""),Proses!G23,"") -> SI0204 | H23: =IF(AND(Proses!$G23<>"",Proses!$H23<>"",Proses!$I23<>"",Proses!$J23<>""),Proses!H23,"") -> Komunikasi Data | I23: =IF(AND(Proses!$G23<>"",Proses!$H23<>"",Proses!$I23<>"",Proses!$J23<>""),Proses!I23,"") -> 4 | J23: =IF(AND(Proses!$G23<>"",Proses!$H23<>"",Proses!$I23<>"",Proses!$J23<>""),Proses!J23,"") -> C
A24: 2 | B24: SI0205 | C24: Basis Data | D24: 2 | E24: =IF(AND($G24<>"",$H24<>"",$I24<>"",$J24<>""),$D24,"") -> 2 | F24: =IF(AND($G24<>"",$H24<>"",$I24<>"",$J24<>""),$J24,"") -> B | G24: =IF(AND(Proses!$G24<>"",Proses!$H24<>"",Proses!$I24<>"",Proses!$J24<>""),Proses!G24,"") -> SI0205 | H24: =IF(AND(Proses!$G24<>"",Proses!$H24<>"",Proses!$I24<>"",Proses!$J24<>""),Proses!H24,"") -> Basis Data | I24: =IF(AND(Proses!$G24<>"",Proses!$H24<>"",Proses!$I24<>"",Proses!$J24<>""),Proses!I24,"") -> 2 | J24: =IF(AND(Proses!$G24<>"",Proses!$H24<>"",Proses!$I24<>"",Proses!$J24<>""),Proses!J24,"") -> B
A25: 3 | B25: SI0302 | C25: Praktikum Basis data | D25: 1 | E25: =IF(AND($G25<>"",$H25<>"",$I25<>"",$J25<>""),$D25,"") | F25: =IF(AND($G25<>"",$H25<>"",$I25<>"",$J25<>""),$J25,"") | G25: =IF(AND(Proses!$G25<>"",Proses!$H25<>"",Proses!$I25<>"",Proses!$J25<>""),Proses!G25,"") | H25: =IF(AND(Proses!$G25<>"",Proses!$H25<>"",Proses!$I25<>"",Proses!$J25<>""),Proses!H25,"") | I25: =IF(AND(Proses!$G25<>"",Proses!$H25<>"",Proses!$I25<>"",Proses!$J25<>""),Proses!I25,"") | J25: =IF(AND(Proses!$G25<>"",Proses!$H25<>"",Proses!$I25<>"",Proses!$J25<>""),Proses!J25,"")
A26: 4 | B26: SI0206 | C26: Struktur Data | D26: 2 | E26: =IF(AND($G26<>"",$H26<>"",$I26<>"",$J26<>""),$D26,"") -> 2 | F26: =IF(AND($G26<>"",$H26<>"",$I26<>"",$J26<>""),$J26,"") -> A | G26: =IF(AND(Proses!$G26<>"",Proses!$H26<>"",Proses!$I26<>"",Proses!$J26<>""),Proses!G26,"") -> SI0206 | H26: =IF(AND(Proses!$G26<>"",Proses!$H26<>"",Proses!$I26<>"",Proses!$J26<>""),Proses!H26,"") -> Struktur Data | I26: =IF(AND(Proses!$G26<>"",Proses!$H26<>"",Proses!$I26<>"",Proses!$J26<>""),Proses!I26,"") -> 2 | J26: =IF(AND(Proses!$G26<>"",Proses!$H26<>"",Proses!$I26<>"",Proses!$J26<>""),Proses!J26,"") -> A
A27: 5 | B27: SI0303 | C27: Praktikum Struktur Data | D27: 1 | E27: =IF(AND($G27<>"",$H27<>"",$I27<>"",$J27<>""),$D27,"") -> 1 | F27: =IF(AND($G27<>"",$H27<>"",$I27<>"",$J27<>""),$J27,"") -> C | G27: =IF(AND(Proses!$G27<>"",Proses!$H27<>"",Proses!$I27<>"",Proses!$J27<>""),Proses!G27,"") -> SI0303 | H27: =IF(AND(Proses!$G27<>"",Proses!$H27<>"",Proses!$I27<>"",Proses!$J27<>""),Proses!H27,"") -> Praktikum Struktur Data | I27: =IF(AND(Proses!$G27<>"",Proses!$H27<>"",Proses!$I27<>"",Proses!$J27<>""),Proses!I27,"") -> 1 | J27: =IF(AND(Proses!$G27<>"",Proses!$H27<>"",Proses!$I27<>"",Proses!$J27<>""),Proses!J27,"") -> C
A28: 6 | B28: SI9207 | C28: Organisasi Komputer | D28: 2 | E28: =IF(AND($G28<>"",$H28<>"",$I28<>"",$J28<>""),$D28,"") -> 2 | F28: =IF(AND($G28<>"",$H28<>"",$I28<>"",$J28<>""),$J28,"") -> C | G28: =IF(AND(Proses!$G28<>"",Proses!$H28<>"",Proses!$I28<>"",Proses!$J28<>""),Proses!G28,"") -> SI9207 | H28: =IF(AND(Proses!$G28<>"",Proses!$H28<>"",Proses!$I28<>"",Proses!$J28<>""),Proses!H28,"") -> Organisasi Komputer | I28: =IF(AND(Proses!$G28<>"",Proses!$H28<>"",Proses!$I28<>"",Proses!$J28<>""),Proses!I28,"") -> 2 | J28: =IF(AND(Proses!$G28<>"",Proses!$H28<>"",Proses!$I28<>"",Proses!$J28<>""),Proses!J28,"") -> C
A29: 7 | B29: SI9106 | C29: Bahasa Inggris II | D29: 2 | E29: =IF(AND($G29<>"",$H29<>"",$I29<>"",$J29<>""),$D29,"") | F29: =IF(AND($G29<>"",$H29<>"",$I29<>"",$J29<>""),$J29,"") | G29: =IF(AND(Proses!$G29<>"",Proses!$H29<>"",Proses!$I29<>"",Proses!$J29<>""),Proses!G29,"") | H29: =IF(AND(Proses!$G29<>"",Proses!$H29<>"",Proses!$I29<>"",Proses!$J29<>""),Proses!H29,"") | I29: =IF(AND(Proses!$G29<>"",Proses!$H29<>"",Proses!$I29<>"",Proses!$J29<>""),Proses!I29,"") | J29: =IF(AND(Proses!$G29<>"",Proses!$H29<>"",Proses!$I29<>"",Proses!$J29<>""),Proses!J29,"")
A30: 8 | B30: SI0103 | C30: Kewarganegaraan | D30: 2 | E30: =IF(AND($G30<>"",$H30<>"",$I30<>"",$J30<>""),$D30,"") | F30: =IF(AND($G30<>"",$H30<>"",$I30<>"",$J30<>""),$J30,"") | G30: =IF(AND(Proses!$G30<>"",Proses!$H30<>"",Proses!$I30<>"",Proses!$J30<>""),Proses!G30,"") | H30: =IF(AND(Proses!$G30<>"",Proses!$H30<>"",Proses!$I30<>"",Proses!$J30<>""),Proses!H30,"") | I30: =IF(AND(Proses!$G30<>"",Proses!$H30<>"",Proses!$I30<>"",Proses!$J30<>""),Proses!I30,"") | J30: =IF(AND(Proses!$G30<>"",Proses!$H30<>"",Proses!$I30<>"",Proses!$J30<>""),Proses!J30,"")
A31: 9 | B31: SI0101 | C31: Pendidikan Agama | D31: 2 | E31: =IF(AND($G31<>"",$H31<>"",$I31<>"",$J31<>""),$D31,"") | F31: =IF(AND($G31<>"",$H31<>"",$I31<>"",$J31<>""),$J31,"") | G31: =IF(AND(Proses!$G31<>"",Proses!$H31<>"",Proses!$I31<>"",Proses!$J31<>""),Proses!G31,"") | H31: =IF(AND(Proses!$G31<>"",Proses!$H31<>"",Proses!$I31<>"",Proses!$J31<>""),Proses!H31,"") | I31: =IF(AND(Proses!$G31<>"",Proses!$H31<>"",Proses!$I31<>"",Proses!$J31<>""),Proses!I31,"") | J31: =IF(AND(Proses!$G31<>"",Proses!$H31<>"",Proses!$I31<>"",Proses!$J31<>""),Proses!J31,"")
A32: Total SKS | D32: =SUM(D23:D31) -> 18 | E32: =IF(Proses!E32 <>"",Proses!E32,"") -> 11 | F32: =IF(Proses!F32 <>"",Proses!F32,"") | G32: =IF(Proses!G32 <>"",Proses!G32,"") | H32: =IF(Proses!H32 <>"",Proses!H32,"") | I32: =IF(Proses!I32 <>"",Proses!I32,"") | J32: =IF(Proses!J32 <>"",Proses!J32,"")
A33: SEMESTER 3 | E33: =IF(Proses!E33 <>"",Proses!E33,"") | F33: =IF(Proses!F33 <>"",Proses!F33,"") | G33: =IF(Proses!G33 <>"",Proses!G33,"") | H33: =IF(Proses!H33 <>"",Proses!H33,"") | I33: =IF(Proses!I33 <>"",Proses!I33,"") | J33: =IF(Proses!J33 <>"",Proses!J33,"")
A34: 1 | B34: SI0209 | C34: Jaringan Komputer | D34: 2 | E34: =IF(AND($G34<>"",$H34<>"",$I34<>"",$J34<>""),$D34,"") -> 2 | F34: =IF(AND($G34<>"",$H34<>"",$I34<>"",$J34<>""),$J34,"") -> BC | G34: =IF(AND(Proses!$G34<>"",Proses!$H34<>"",Proses!$I34<>"",Proses!$J34<>""),Proses!G34,"") -> SI0209 | H34: =IF(AND(Proses!$G34<>"",Proses!$H34<>"",Proses!$I34<>"",Proses!$J34<>""),Proses!H34,"") -> Jaringan Komputer | I34: =IF(AND(Proses!$G34<>"",Proses!$H34<>"",Proses!$I34<>"",Proses!$J34<>""),Proses!I34,"") -> 2 | J34: =IF(AND(Proses!$G34<>"",Proses!$H34<>"",Proses!$I34<>"",Proses!$J34<>""),Proses!J34,"") -> BC
A35: 2 | B35: SI0305 | C35: Praktikum Jaringan Komputer | D35: 1 | E35: =IF(AND($G35<>"",$H35<>"",$I35<>"",$J35<>""),$D35,"") -> 1 | F35: =IF(AND($G35<>"",$H35<>"",$I35<>"",$J35<>""),$J35,"") -> AB | G35: =IF(AND(Proses!$G35<>"",Proses!$H35<>"",Proses!$I35<>"",Proses!$J35<>""),Proses!G35,"") -> SI0305 | H35: =IF(AND(Proses!$G35<>"",Proses!$H35<>"",Proses!$I35<>"",Proses!$J35<>""),Proses!H35,"") -> Praktikum Jaringan Komputer | I35: =IF(AND(Proses!$G35<>"",Proses!$H35<>"",Proses!$I35<>"",Proses!$J35<>""),Proses!I35,"") -> 1 | J35: =IF(AND(Proses!$G35<>"",Proses!$H35<>"",Proses!$I35<>"",Proses!$J35<>""),Proses!J35,"") -> AB
A36: 3 | B36: SI0306 | C36: Perancangan Web | D36: 4 | E36: =IF(AND($G36<>"",$H36<>"",$I36<>"",$J36<>""),$D36,"") -> 4 | F36: =IF(AND($G36<>"",$H36<>"",$I36<>"",$J36<>""),$J36,"") -> BC | G36: =IF(AND(Proses!$G36<>"",Proses!$H36<>"",Proses!$I36<>"",Proses!$J36<>""),Proses!G36,"") -> SI0306 | H36: =IF(AND(Proses!$G36<>"",Proses!$H36<>"",Proses!$I36<>"",Proses!$J36<>""),Proses!H36,"") -> Perancangan Web | I36: =IF(AND(Proses!$G36<>"",Proses!$H36<>"",Proses!$I36<>"",Proses!$J36<>""),Proses!I36,"") -> 4 | J36: =IF(AND(Proses!$G36<>"",Proses!$H36<>"",Proses!$I36<>"",Proses!$J36<>""),Proses!J36,"") -> BC
A37: 4 | B37: SI0211 | C37: Analisis dan Perancangan Sistem | D37: 4 | E37: =IF(AND($G37<>"",$H37<>"",$I37<>"",$J37<>""),$D37,"") | F37: =IF(AND($G37<>"",$H37<>"",$I37<>"",$J37<>""),$J37,"") | G37: =IF(AND(Proses!$G37<>"",Proses!$H37<>"",Proses!$I37<>"",Proses!$J37<>""),Proses!G37,"") | H37: =IF(AND(Proses!$G37<>"",Proses!$H37<>"",Proses!$I37<>"",Proses!$J37<>""),Proses!H37,"") | I37: =IF(AND(Proses!$G37<>"",Proses!$H37<>"",Proses!$I37<>"",Proses!$J37<>""),Proses!I37,"") | J37: =IF(AND(Proses!$G37<>"",Proses!$H37<>"",Proses!$I37<>"",Proses!$J37<>""),Proses!J37,"")
A38: 5 | B38: SI0307 | C38: Pemrograman Berorientasi Obyek | D38: 4 | E38: =IF(AND($G38<>"",$H38<>"",$I38<>"",$J38<>""),$D38,"") | F38: =IF(AND($G38<>"",$H38<>"",$I38<>"",$J38<>""),$J38,"") | G38: =IF(AND(Proses!$G38<>"",Proses!$H38<>"",Proses!$I38<>"",Proses!$J38<>""),Proses!G38,"") | H38: =IF(AND(Proses!$G38<>"",Proses!$H38<>"",Proses!$I38<>"",Proses!$J38<>""),Proses!H38,"") | I38: =IF(AND(Proses!$G38<>"",Proses!$H38<>"",Proses!$I38<>"",Proses!$J38<>""),Proses!I38,"") | J38: =IF(AND(Proses!$G38<>"",Proses!$H38<>"",Proses!$I38<>"",Proses!$J38<>""),Proses!J38,"")
A39: 6 | B39: SI0213 | C39: Sistem Operasi | D39: 2 | E39: =IF(AND($G39<>"",$H39<>"",$I39<>"",$J39<>""),$D39,"") | F39: =IF(AND($G39<>"",$H39<>"",$I39<>"",$J39<>""),$J39,"") | G39: =IF(AND(Proses!$G39<>"",Proses!$H39<>"",Proses!$I39<>"",Proses!$J39<>""),Proses!G39,"") | H39: =IF(AND(Proses!$G39<>"",Proses!$H39<>"",Proses!$I39<>"",Proses!$J39<>""),Proses!H39,"") | I39: =IF(AND(Proses!$G39<>"",Proses!$H39<>"",Proses!$I39<>"",Proses!$J39<>""),Proses!I39,"") | J39: =IF(AND(Proses!$G39<>"",Proses!$H39<>"",Proses!$I39<>"",Proses!$J39<>""),Proses!J39,"")
A40: 7 | B40: SI0217 | C40: Kalkulus | D40: 2 | E40: =IF(AND($G40<>"",$H40<>"",$I40<>"",$J40<>""),$D40,"") | F40: =IF(AND($G40<>"",$H40<>"",$I40<>"",$J40<>""),$J40,"") | G40: =IF(AND(Proses!$G40<>"",Proses!$H40<>"",Proses!$I40<>"",Proses!$J40<>""),Proses!G40,"") | H40: =IF(AND(Proses!$G40<>"",Proses!$H40<>"",Proses!$I40<>"",Proses!$J40<>""),Proses!H40,"") | I40: =IF(AND(Proses!$G40<>"",Proses!$H40<>"",Proses!$I40<>"",Proses!$J40<>""),Proses!I40,"") | J40: =IF(AND(Proses!$G40<>"",Proses!$H40<>"",Proses!$I40<>"",Proses!$J40<>""),Proses!J40,"")
A41: Total SKS | D41: =SUM(D34:D40) -> 19 | E41: =IF(Proses!E41 <>"",Proses!E41,"") -> 7 | F41: =IF(Proses!F41 <>"",Proses!F41,"") | G41: =IF(Proses!G41 <>"",Proses!G41,"") | H41: =IF(Proses!H41 <>"",Proses!H41,"") | I41: =IF(Proses!I41 <>"",Proses!I41,"") | J41: =IF(Proses!J41 <>"",Proses!J41,"")
A42: SEMESTER 4 | E42: =IF(Proses!E42 <>"",Proses!E42,"") | F42: =IF(Proses!F42 <>"",Proses!F42,"") | G42: =IF(Proses!G42 <>"",Proses!G42,"") | H42: =IF(Proses!H42 <>"",Proses!H42,"") | I42: =IF(Proses!I42 <>"",Proses!I42,"") | J42: =IF(Proses!J42 <>"",Proses!J42,"")
A43: 1 | B43: SI9251 | C43: Akuntansi | D43: 2 | E43: =IF(AND($G43<>"",$H43<>"",$I43<>"",$J43<>""),$D43,"") | F43: =IF(AND($G43<>"",$H43<>"",$I43<>"",$J43<>""),$J43,"") | G43: =IF(AND(Proses!$G43<>"",Proses!$H43<>"",Proses!$I43<>"",Proses!$J43<>""),Proses!G43,"") | H43: =IF(AND(Proses!$G43<>"",Proses!$H43<>"",Proses!$I43<>"",Proses!$J43<>""),Proses!H43,"") | I43: =IF(AND(Proses!$G43<>"",Proses!$H43<>"",Proses!$I43<>"",Proses!$J43<>""),Proses!I43,"") | J43: =IF(AND(Proses!$G43<>"",Proses!$H43<>"",Proses!$I43<>"",Proses!$J43<>""),Proses!J43,"")
A44: 2 | B44: SI9501 | C44: Komunikasi Bisnis | D44: 2 | E44: =IF(AND($G44<>"",$H44<>"",$I44<>"",$J44<>""),$D44,"") | F44: =IF(AND($G44<>"",$H44<>"",$I44<>"",$J44<>""),$J44,"") | G44: =IF(AND(Proses!$G44<>"",Proses!$H44<>"",Proses!$I44<>"",Proses!$J44<>""),Proses!G44,"") | H44: =IF(AND(Proses!$G44<>"",Proses!$H44<>"",Proses!$I44<>"",Proses!$J44<>""),Proses!H44,"") | I44: =IF(AND(Proses!$G44<>"",Proses!$H44<>"",Proses!$I44<>"",Proses!$J44<>""),Proses!I44,"") | J44: =IF(AND(Proses!$G44<>"",Proses!$H44<>"",Proses!$I44<>"",Proses!$J44<>""),Proses!J44,"")
A45: 3 | B45: SI9215 | C45: Interaksi Manusia dan Komputer | D45: 2 | E45: =IF(AND($G45<>"",$H45<>"",$I45<>"",$J45<>""),$D45,"") | F45: =IF(AND($G45<>"",$H45<>"",$I45<>"",$J45<>""),$J45,"") | G45: =IF(AND(Proses!$G45<>"",Proses!$H45<>"",Proses!$I45<>"",Proses!$J45<>""),Proses!G45,"") | H45: =IF(AND(Proses!$G45<>"",Proses!$H45<>"",Proses!$I45<>"",Proses!$J45<>""),Proses!H45,"") | I45: =IF(AND(Proses!$G45<>"",Proses!$H45<>"",Proses!$I45<>"",Proses!$J45<>""),Proses!I45,"") | J45: =IF(AND(Proses!$G45<>"",Proses!$H45<>"",Proses!$I45<>"",Proses!$J45<>""),Proses!J45,"")
A46: 4 | B46: SI0104 | C46: Bahasa Indonesia | D46: 2 | E46: =IF(AND($G46<>"",$H46<>"",$I46<>"",$J46<>""),$D46,"") | F46: =IF(AND($G46<>"",$H46<>"",$I46<>"",$J46<>""),$J46,"") | G46: =IF(AND(Proses!$G46<>"",Proses!$H46<>"",Proses!$I46<>"",Proses!$J46<>""),Proses!G46,"") | H46: =IF(AND(Proses!$G46<>"",Proses!$H46<>"",Proses!$I46<>"",Proses!$J46<>""),Proses!H46,"") | I46: =IF(AND(Proses!$G46<>"",Proses!$H46<>"",Proses!$I46<>"",Proses!$J46<>""),Proses!I46,"") | J46: =IF(AND(Proses!$G46<>"",Proses!$H46<>"",Proses!$I46<>"",Proses!$J46<>""),Proses!J46,"")
A47: 5 | B47: SI9308 | C47: Pemrograman Web | D47: 4 | E47: =IF(AND($G47<>"",$H47<>"",$I47<>"",$J47<>""),$D47,"") | F47: =IF(AND($G47<>"",$H47<>"",$I47<>"",$J47<>""),$J47,"") | G47: =IF(AND(Proses!$G47<>"",Proses!$H47<>"",Proses!$I47<>"",Proses!$J47<>""),Proses!G47,"") | H47: =IF(AND(Proses!$G47<>"",Proses!$H47<>"",Proses!$I47<>"",Proses!$J47<>""),Proses!H47,"") | I47: =IF(AND(Proses!$G47<>"",Proses!$H47<>"",Proses!$I47<>"",Proses!$J47<>""),Proses!I47,"") | J47: =IF(AND(Proses!$G47<>"",Proses!$H47<>"",Proses!$I47<>"",Proses!$J47<>""),Proses!J47,"")
A48: 6 | B48: SI0212 | C48: Pemodelan Berorientasi Obyek | D48: 4 | E48: =IF(AND($G48<>"",$H48<>"",$I48<>"",$J48<>""),$D48,"") | F48: =IF(AND($G48<>"",$H48<>"",$I48<>"",$J48<>""),$J48,"") | G48: =IF(AND(Proses!$G48<>"",Proses!$H48<>"",Proses!$I48<>"",Proses!$J48<>""),Proses!G48,"") | H48: =IF(AND(Proses!$G48<>"",Proses!$H48<>"",Proses!$I48<>"",Proses!$J48<>""),Proses!H48,"") | I48: =IF(AND(Proses!$G48<>"",Proses!$H48<>"",Proses!$I48<>"",Proses!$J48<>""),Proses!I48,"") | J48: =IF(AND(Proses!$G48<>"",Proses!$H48<>"",Proses!$I48<>"",Proses!$J48<>""),Proses!J48,"")
A49: 7 | B49: SI9218 | C49: Mobile Programming | D49: 4 | E49: =IF(AND($G49<>"",$H49<>"",$I49<>"",$J49<>""),$D49,"") | F49: =IF(AND($G49<>"",$H49<>"",$I49<>"",$J49<>""),$J49,"") | G49: =IF(AND(Proses!$G49<>"",Proses!$H49<>"",Proses!$I49<>"",Proses!$J49<>""),Proses!G49,"") | H49: =IF(AND(Proses!$G49<>"",Proses!$H49<>"",Proses!$I49<>"",Proses!$J49<>""),Proses!H49,"") | I49: =IF(AND(Proses!$G49<>"",Proses!$H49<>"",Proses!$I49<>"",Proses!$J49<>""),Proses!I49,"") | J49: =IF(AND(Proses!$G49<>"",Proses!$H49<>"",Proses!$I49<>"",Proses!$J49<>""),Proses!J49,"")
A50: Total SKS | D50: =SUM(D43:D49) -> 20 | E50: =IF(Proses!E50 <>"",Proses!E50,"") -> 0 | F50: =IF(Proses!F50 <>"",Proses!F50,"") | G50: =IF(Proses!G50 <>"",Proses!G50,"") | H50: =IF(Proses!H50 <>"",Proses!H50,"") | I50: =IF(Proses!I50 <>"",Proses!I50,"") | J50: =IF(Proses!J50 <>"",Proses!J50,"")
A51: SEMESTER 5 INFORMATION SISTEM (IS)
A52: 1 | B52: SI9216 | C52: Metodologi Penulisan Ilmiah | D52: 2 | E52: =IF(AND($G52<>"",$H52<>"",$I52<>"",$J52<>""),$D52,"") | F52: =IF(AND($G52<>"",$H52<>"",$I52<>"",$J52<>""),$J52,"") | G52: =IF(AND(Proses!$G70<>"",Proses!$H70<>"",Proses!$I70<>"",Proses!$J70<>""),Proses!G70,"") | H52: =IF(AND(Proses!$G70<>"",Proses!$H70<>"",Proses!$I70<>"",Proses!$J70<>""),Proses!H70,"") | I52: =IF(AND(Proses!$G70<>"",Proses!$H70<>"",Proses!$I70<>"",Proses!$J70<>""),Proses!I70,"") | J52: =IF(AND(Proses!$G70<>"",Proses!$H70<>"",Proses!$I70<>"",Proses!$J70<>""),Proses!J70,"")
A53: 2 | B53: SI0210 | C53: Rekayasa Perangkat Lunak | D53: 4 | E53: =IF(AND($G53<>"",$H53<>"",$I53<>"",$J53<>""),$D53,"") | F53: =IF(AND($G53<>"",$H53<>"",$I53<>"",$J53<>""),$J53,"") | G53: =IF(AND(Proses!$G71<>"",Proses!$H71<>"",Proses!$I71<>"",Proses!$J71<>""),Proses!G71,"") | H53: =IF(AND(Proses!$G71<>"",Proses!$H71<>"",Proses!$I71<>"",Proses!$J71<>""),Proses!H71,"") | I53: =IF(AND(Proses!$G71<>"",Proses!$H71<>"",Proses!$I71<>"",Proses!$J71<>""),Proses!I71,"") | J53: =IF(AND(Proses!$G71<>"",Proses!$H71<>"",Proses!$I71<>"",Proses!$J71<>""),Proses!J71,"")
A54: 3 | B54: SI0274 | C54: Artificial Intelligence | D54: 4 | E54: =IF(AND($G54<>"",$H54<>"",$I54<>"",$J54<>""),$D54,"") | F54: =IF(AND($G54<>"",$H54<>"",$I54<>"",$J54<>""),$J54,"") | G54: =IF(AND(Proses!$G72<>"",Proses!$H72<>"",Proses!$I72<>"",Proses!$J72<>""),Proses!G72,"") | H54: =IF(AND(Proses!$G72<>"",Proses!$H72<>"",Proses!$I72<>"",Proses!$J72<>""),Proses!H72,"") | I54: =IF(AND(Proses!$G72<>"",Proses!$H72<>"",Proses!$I72<>"",Proses!$J72<>""),Proses!I72,"") | J54: =IF(AND(Proses!$G72<>"",Proses!$H72<>"",Proses!$I72<>"",Proses!$J72<>""),Proses!J72,"")
A55: 4 | B55: SI0275 | C55: Pengolahan Citra Digital | D55: 4 | E55: =IF(AND($G55<>"",$H55<>"",$I55<>"",$J55<>""),$D55,"") | F55: =IF(AND($G55<>"",$H55<>"",$I55<>"",$J55<>""),$J55,"") | G55: =IF(AND(Proses!$G73<>"",Proses!$H73<>"",Proses!$I73<>"",Proses!$J73<>""),Proses!G73,"") | H55: =IF(AND(Proses!$G73<>"",Proses!$H73<>"",Proses!$I73<>"",Proses!$J73<>""),Proses!H73,"") | I55: =IF(AND(Proses!$G73<>"",Proses!$H73<>"",Proses!$I73<>"",Proses!$J73<>""),Proses!I73,"") | J55: =IF(AND(Proses!$G73<>"",Proses!$H73<>"",Proses!$I73<>"",Proses!$J73<>""),Proses!J73,"")
A56: 5 | B56: SI9241 | C56: Statistik | D56: 2 | E56: =IF(AND($G56<>"",$H56<>"",$I56<>"",$J56<>""),$D56,"") | F56: =IF(AND($G56<>"",$H56<>"",$I56<>"",$J56<>""),$J56,"") | G56: =IF(AND(Proses!$G74<>"",Proses!$H74<>"",Proses!$I74<>"",Proses!$J74<>""),Proses!G74,"") | H56: =IF(AND(Proses!$G74<>"",Proses!$H74<>"",Proses!$I74<>"",Proses!$J74<>""),Proses!H74,"") | I56: =IF(AND(Proses!$G74<>"",Proses!$H74<>"",Proses!$I74<>"",Proses!$J74<>""),Proses!I74,"") | J56: =IF(AND(Proses!$G74<>"",Proses!$H74<>"",Proses!$I74<>"",Proses!$J74<>""),Proses!J74,"")
A57: 6 | B57: SI0276 | C57: Teknik Peramalan | D57: 2 | E57: =IF(AND($G57<>"",$H57<>"",$I57<>"",$J57<>""),$D57,"") | F57: =IF(AND($G57<>"",$H57<>"",$I57<>"",$J57<>""),$J57,"") | G57: =IF(AND(Proses!$G75<>"",Proses!$H75<>"",Proses!$I75<>"",Proses!$J75<>""),Proses!G75,"") | H57: =IF(AND(Proses!$G75<>"",Proses!$H75<>"",Proses!$I75<>"",Proses!$J75<>""),Proses!H75,"") | I57: =IF(AND(Proses!$G75<>"",Proses!$H75<>"",Proses!$I75<>"",Proses!$J75<>""),Proses!I75,"") | J57: =IF(AND(Proses!$G75<>"",Proses!$H75<>"",Proses!$I75<>"",Proses!$J75<>""),Proses!J75,"")
A58: 7 | B58: SI9220 | C58: User Experience | D58: 2 | E58: =IF(AND($G58<>"",$H58<>"",$I58<>"",$J58<>""),$D58,"") | F58: =IF(AND($G58<>"",$H58<>"",$I58<>"",$J58<>""),$J58,"") | G58: =IF(AND(Proses!$G76<>"",Proses!$H76<>"",Proses!$I76<>"",Proses!$J76<>""),Proses!G76,"") | H58: =IF(AND(Proses!$G76<>"",Proses!$H76<>"",Proses!$I76<>"",Proses!$J76<>""),Proses!H76,"") | I58: =IF(AND(Proses!$G76<>"",Proses!$H76<>"",Proses!$I76<>"",Proses!$J76<>""),Proses!I76,"") | J58: =IF(AND(Proses!$G76<>"",Proses!$H76<>"",Proses!$I76<>"",Proses!$J76<>""),Proses!J76,"")
A59: Total SKS | D59: =SUM(D52:D58) -> 20 | E59: =SUM(E52:E58) -> 0
A60: SEMESTER 6 INFORMATION SISTEM (IS)
A61: 1 | B61: SI9379 | C61: Data Visualization | D61: 4 | E61: =IF(AND($G61<>"",$H61<>"",$I61<>"",$J61<>""),$D61,"") | F61: =IF(AND($G61<>"",$H61<>"",$I61<>"",$J61<>""),$J61,"") | G61: =IF(AND(Proses!$G95<>"",Proses!$H95<>"",Proses!$I95<>"",Proses!$J95<>""),Proses!G95,"") | H61: =IF(AND(Proses!$G95<>"",Proses!$H95<>"",Proses!$I95<>"",Proses!$J95<>""),Proses!H95,"") | I61: =IF(AND(Proses!$G95<>"",Proses!$H95<>"",Proses!$I95<>"",Proses!$J95<>""),Proses!I95,"") | J61: =IF(AND(Proses!$G95<>"",Proses!$H95<>"",Proses!$I95<>"",Proses!$J95<>""),Proses!J95,"")
A62: 2 | B62: SI9272 | C62: Data Warehouse | D62: 4 | E62: =IF(AND($G62<>"",$H62<>"",$I62<>"",$J62<>""),$D62,"") | F62: =IF(AND($G62<>"",$H62<>"",$I62<>"",$J62<>""),$J62,"") | G62: =IF(AND(Proses!$G96<>"",Proses!$H96<>"",Proses!$I96<>"",Proses!$J96<>""),Proses!G96,"") | H62: =IF(AND(Proses!$G96<>"",Proses!$H96<>"",Proses!$I96<>"",Proses!$J96<>""),Proses!H96,"") | I62: =IF(AND(Proses!$G96<>"",Proses!$H96<>"",Proses!$I96<>"",Proses!$J96<>""),Proses!I96,"") | J62: =IF(AND(Proses!$G96<>"",Proses!$H96<>"",Proses!$I96<>"",Proses!$J96<>""),Proses!J96,"")
A63: 3 | B63: SI0273 | C63: Sistem Pakar | D63: 4 | E63: =IF(AND($G63<>"",$H63<>"",$I63<>"",$J63<>""),$D63,"") | F63: =IF(AND($G63<>"",$H63<>"",$I63<>"",$J63<>""),$J63,"") | G63: =IF(AND(Proses!$G97<>"",Proses!$H97<>"",Proses!$I97<>"",Proses!$J97<>""),Proses!G97,"") | H63: =IF(AND(Proses!$G97<>"",Proses!$H97<>"",Proses!$I97<>"",Proses!$J97<>""),Proses!H97,"") | I63: =IF(AND(Proses!$G97<>"",Proses!$H97<>"",Proses!$I97<>"",Proses!$J97<>""),Proses!I97,"") | J63: =IF(AND(Proses!$G97<>"",Proses!$H97<>"",Proses!$I97<>"",Proses!$J97<>""),Proses!J97,"")
A64: 4 | B64: SI0356 | C64: Sistem Informasi Akuntansi | D64: 2 | E64: =IF(AND($G64<>"",$H64<>"",$I64<>"",$J64<>""),$D64,"") | F64: =IF(AND($G64<>"",$H64<>"",$I64<>"",$J64<>""),$J64,"") | G64: =IF(AND(Proses!$G98<>"",Proses!$H98<>"",Proses!$I98<>"",Proses!$J98<>""),Proses!G98,"") | H64: =IF(AND(Proses!$G98<>"",Proses!$H98<>"",Proses!$I98<>"",Proses!$J98<>""),Proses!H98,"") | I64: =IF(AND(Proses!$G98<>"",Proses!$H98<>"",Proses!$I98<>"",Proses!$J98<>""),Proses!I98,"") | J64: =IF(AND(Proses!$G98<>"",Proses!$H98<>"",Proses!$I98<>"",Proses!$J98<>""),Proses!J98,"")
A65: 5 | B65: SI9242 | C65: IT Governance | D65: 2 | E65: =IF(AND($G65<>"",$H65<>"",$I65<>"",$J65<>""),$D65,"") | F65: =IF(AND($G65<>"",$H65<>"",$I65<>"",$J65<>""),$J65,"") | G65: =IF(AND(Proses!$G99<>"",Proses!$H99<>"",Proses!$I99<>"",Proses!$J99<>""),Proses!G99,"") | H65: =IF(AND(Proses!$G99<>"",Proses!$H99<>"",Proses!$I99<>"",Proses!$J99<>""),Proses!H99,"") | I65: =IF(AND(Proses!$G99<>"",Proses!$H99<>"",Proses!$I99<>"",Proses!$J99<>""),Proses!I99,"") | J65: =IF(AND(Proses!$G99<>"",Proses!$H99<>"",Proses!$I99<>"",Proses!$J99<>""),Proses!J99,"")
A66: 6 | B66: SI9271 | C66: Supply Chain Management | D66: 4 | E66: =IF(AND($G66<>"",$H66<>"",$I66<>"",$J66<>""),$D66,"") | F66: =IF(AND($G66<>"",$H66<>"",$I66<>"",$J66<>""),$J66,"") | G66: =IF(AND(Proses!$G100<>"",Proses!$H100<>"",Proses!$I100<>"",Proses!$J100<>""),Proses!G100,"") | H66: =IF(AND(Proses!$G100<>"",Proses!$H100<>"",Proses!$I100<>"",Proses!$J100<>""),Proses!H100,"") | I66: =IF(AND(Proses!$G100<>"",Proses!$H100<>"",Proses!$I100<>"",Proses!$J100<>""),Proses!I100,"") | J66: =IF(AND(Proses!$G100<>"",Proses!$H100<>"",Proses!$I100<>"",Proses!$J100<>""),Proses!J100,"")
A67: Total SKS | D67: =SUM(D61:D66) -> 20 | E67: =SUM(E61:E66) -> 0
A68: SEMESTER 7 INFORMATION SISTEM (IS)
A69: 1 | B69: SI9492 | C69: Tugas Akhir I | D69: 2 | E69: =IF(AND($G69<>"",$H69<>"",$I69<>"",$J69<>""),$D69,"") | F69: =IF(AND($G69<>"",$H69<>"",$I69<>"",$J69<>""),$J69,"") | G69: =IF(AND(Proses!$G117<>"",Proses!$H117<>"",Proses!$I117<>"",Proses!$J117<>""),Proses!G117,"") | H69: =IF(AND(Proses!$G117<>"",Proses!$H117<>"",Proses!$I117<>"",Proses!$J117<>""),Proses!H117,"") | I69: =IF(AND(Proses!$G117<>"",Proses!$H117<>"",Proses!$I117<>"",Proses!$J117<>""),Proses!I117,"") | J69: =IF(AND(Proses!$G117<>"",Proses!$H117<>"",Proses!$I117<>"",Proses!$J117<>""),Proses!J117,"")
A70: 2 | B70: SI9491 | C70: Kerja Praktek | D70: 2 | E70: =IF(AND($G70<>"",$H70<>"",$I70<>"",$J70<>""),$D70,"") | F70: =IF(AND($G70<>"",$H70<>"",$I70<>"",$J70<>""),$J70,"") | G70: =IF(AND(Proses!$G118<>"",Proses!$H118<>"",Proses!$I118<>"",Proses!$J118<>""),Proses!G118,"") | H70: =IF(AND(Proses!$G118<>"",Proses!$H118<>"",Proses!$I118<>"",Proses!$J118<>""),Proses!H118,"") | I70: =IF(AND(Proses!$G118<>"",Proses!$H118<>"",Proses!$I118<>"",Proses!$J118<>""),Proses!I118,"") | J70: =IF(AND(Proses!$G118<>"",Proses!$H118<>"",Proses!$I118<>"",Proses!$J118<>""),Proses!J118,"")
A71: 3 | B71: SI9214 | C71: Project Management | D71: 4 | E71: =IF(AND($G71<>"",$H71<>"",$I71<>"",$J71<>""),$D71,"") | F71: =IF(AND($G71<>"",$H71<>"",$I71<>"",$J71<>""),$J71,"") | G71: =IF(AND(Proses!$G119<>"",Proses!$H119<>"",Proses!$I119<>"",Proses!$J119<>""),Proses!G119,"") | H71: =IF(AND(Proses!$G119<>"",Proses!$H119<>"",Proses!$I119<>"",Proses!$J119<>""),Proses!H119,"") | I71: =IF(AND(Proses!$G119<>"",Proses!$H119<>"",Proses!$I119<>"",Proses!$J119<>""),Proses!I119,"") | J71: =IF(AND(Proses!$G119<>"",Proses!$H119<>"",Proses!$I119<>"",Proses!$J119<>""),Proses!J119,"")
A72: 4 | B72: SI0503 | C72: Kewirausahaan | D72: 2 | E72: =IF(AND($G72<>"",$H72<>"",$I72<>"",$J72<>""),$D72,"") | F72: =IF(AND($G72<>"",$H72<>"",$I72<>"",$J72<>""),$J72,"") | G72: =IF(AND(Proses!$G120<>"",Proses!$H120<>"",Proses!$I120<>"",Proses!$J120<>""),Proses!G120,"") | H72: =IF(AND(Proses!$G120<>"",Proses!$H120<>"",Proses!$I120<>"",Proses!$J120<>""),Proses!H120,"") | I72: =IF(AND(Proses!$G120<>"",Proses!$H120<>"",Proses!$I120<>"",Proses!$J120<>""),Proses!I120,"") | J72: =IF(AND(Proses!$G120<>"",Proses!$H120<>"",Proses!$I120<>"",Proses!$J120<>""),Proses!J120,"")
A73: 5 | B73: SI9378 | C73: Data Mining | D73: 4 | E73: =IF(AND($G73<>"",$H73<>"",$I73<>"",$J73<>""),$D73,"") | F73: =IF(AND($G73<>"",$H73<>"",$I73<>"",$J73<>""),$J73,"") | G73: =IF(AND(Proses!$G121<>"",Proses!$H121<>"",Proses!$I121<>"",Proses!$J121<>""),Proses!G121,"") | H73: =IF(AND(Proses!$G121<>"",Proses!$H121<>"",Proses!$I121<>"",Proses!$J121<>""),Proses!H121,"") | I73: =IF(AND(Proses!$G121<>"",Proses!$H121<>"",Proses!$I121<>"",Proses!$J121<>""),Proses!I121,"") | J73: =IF(AND(Proses!$G121<>"",Proses!$H121<>"",Proses!$I121<>"",Proses!$J121<>""),Proses!J121,"")
A74: Total SKS | D74: =SUM(D69:D73) -> 14 | E74: =SUM(E69:E73) -> 0
A75: SEMESTER 8
A76: 1 | B76: SI9493 | C76: Tugas Akhir II | D76: 4 | E76: =IF(AND($G76<>"",$H76<>"",$I76<>"",$J76<>""),$D76,"") | F76: =IF(AND($G76<>"",$H76<>"",$I76<>"",$J76<>""),$J76,"") | G76: =IF(AND(Proses!$G124<>"",Proses!$H124<>"",Proses!$I124<>"",Proses!$J124<>""),Proses!G124,"") | H76: =IF(AND(Proses!$G124<>"",Proses!$H124<>"",Proses!$I124<>"",Proses!$J124<>""),Proses!H124,"") | I76: =IF(AND(Proses!$G124<>"",Proses!$H124<>"",Proses!$I124<>"",Proses!$J124<>""),Proses!I124,"") | J76: =IF(AND(Proses!$G124<>"",Proses!$H124<>"",Proses!$I124<>"",Proses!$J124<>""),Proses!J124,"")
A77: 2 | B77: SI9219 | C77: E-Commerce | D77: 4 | E77: =IF(AND($G77<>"",$H77<>"",$I77<>"",$J77<>""),$D77,"") -> 4 | F77: =IF(AND($G77<>"",$H77<>"",$I77<>"",$J77<>""),$J77,"") -> B | G77: =IF(AND(Proses!$G125<>"",Proses!$H125<>"",Proses!$I125<>"",Proses!$J125<>""),Proses!G125,"") -> SI0219 | H77: =IF(AND(Proses!$G125<>"",Proses!$H125<>"",Proses!$I125<>"",Proses!$J125<>""),Proses!H125,"") -> E-Commerce | I77: =IF(AND(Proses!$G125<>"",Proses!$H125<>"",Proses!$I125<>"",Proses!$J125<>""),Proses!I125,"") -> 4 | J77: =IF(AND(Proses!$G125<>"",Proses!$H125<>"",Proses!$I125<>"",Proses!$J125<>""),Proses!J125,"") -> B
A78: 3 | B78: SI9502 | C78: Technopreneurship | D78: 2 | E78: =IF(AND($G78<>"",$H78<>"",$I78<>"",$J78<>""),$D78,"") | F78: =IF(AND($G78<>"",$H78<>"",$I78<>"",$J78<>""),$J78,"") | G78: =IF(AND(Proses!$G126<>"",Proses!$H126<>"",Proses!$I126<>"",Proses!$J126<>""),Proses!G126,"") | H78: =IF(AND(Proses!$G126<>"",Proses!$H126<>"",Proses!$I126<>"",Proses!$J126<>""),Proses!H126,"") | I78: =IF(AND(Proses!$G126<>"",Proses!$H126<>"",Proses!$I126<>"",Proses!$J126<>""),Proses!I126,"") | J78: =IF(AND(Proses!$G126<>"",Proses!$H126<>"",Proses!$I126<>"",Proses!$J126<>""),Proses!J126,"")
A79: 4 | B79: SI0401 | C79: Etika Profesi | D79: 2 | E79: =IF(AND($G79<>"",$H79<>"",$I79<>"",$J79<>""),$D79,"") | F79: =IF(AND($G79<>"",$H79<>"",$I79<>"",$J79<>""),$J79,"") | G79: =IF(AND(Proses!$G127<>"",Proses!$H127<>"",Proses!$I127<>"",Proses!$J127<>""),Proses!G127,"") | H79: =IF(AND(Proses!$G127<>"",Proses!$H127<>"",Proses!$I127<>"",Proses!$J127<>""),Proses!H127,"") | I79: =IF(AND(Proses!$G127<>"",Proses!$H127<>"",Proses!$I127<>"",Proses!$J127<>""),Proses!I127,"") | J79: =IF(AND(Proses!$G127<>"",Proses!$H127<>"",Proses!$I127<>"",Proses!$J127<>""),Proses!J127,"")
A80: Total SKS | D80: =SUM(D76:D79) -> 12 | E80: =SUM(E76:E79) -> 4
A81: SKS STIKOM BALI | D81: =SUM(E21,E32,E41,E50,E59,E67,E74,E80) -> 38 | G81: SKS ASAL | I81: =SUM(I12:I79) -> 38
C83: =IF(Proses!C133<>"",Proses!C133,"") -> INTELEGENT SYSTEM (IS) | D83: =IF(Proses!D133<>"",Proses!D133,"") -> 38
